,id,text,class,subclass,confidence
0,F0_REQ_00001,The system must allow for multiple file upload to be configured on a per-page basis.,FR,Functional,0.5
1,F0_REQ_00002,The system must allow actors to organize their voice clips into a portfolio.,FR,Functional,0.5
2,F0_REQ_00003,The system must allow actors to download their voice clips in a flexible format.,FR,Functional,0.5
3,F0_REQ_00004,The system must store audio clips in a format conducive to speech.,FR,Functional,0.5
4,F0_REQ_00005,The system must allow actors to delete recorded clips.,FR,Functional,0.5
5,F0_REQ_00006,The system must allow web feeds to be turned on or off on a per-page basis.,FR,Functional,0.5
6,F0_REQ_00007,An actor must be able to search through pages in a course.,FR,Functional,0.5
7,F0_REQ_00008,The system must display a search box on every page after an actor has logged in.,FR,Functional,0.5
8,F0_REQ_00009,A course administrator must be able to grade an assignment.,FR,Functional,0.5
9,F0_REQ_00010,The system should display grade information to the appropriate actor.,FR,Functional,0.2
10,F0_REQ_00011,The system should maintain a grade history.,FR,Functional,0.2
11,F0_REQ_00012,The system must provide a wiki where actors can collaboratively create networks of documents.,FR,Functional,0.5
12,F0_REQ_00013,The system must provide a blog engine.,FR,Functional,0.5
13,F0_REQ_00014,The system must provide both e-mail and SMS notifications for pages.,FR,Functional,0.5
14,F0_REQ_00015,"As far as possible, the system should provide a simple, responsive interface.",FR,Functional,0.2
15,F0_REQ_00016,The system must be backed up on a configurable schedule.,FR,Functional,0.5
16,F0_REQ_00017,The system must have the ability and capacity to restore back-up data within six hours so that the system is never offline for an inordinate period of time.,FR,Functional,0.5
17,F0_REQ_00018,"The system should be available 24 hours a day, 7 days a week.",FR,Functional,0.2
18,F0_REQ_00019,99% up-time should be considered sufficient to meet this requirement.,FR,Functional,0.5
19,F0_REQ_00020,The system should support at least 1000 concurrent users.,NFR,Performance,0.2
20,F0_REQ_00021,The system must be maintainable without substantial modification.,FR,Functional,0.5
21,F0_REQ_00022,"Relevant, online documentation for users should be available on each page.",FR,Functional,0.2
22,F0_REQ_00023,Users must have easy access to help while interacting with the system.,FR,Functional,0.5
23,F0_REQ_00024,Adequate user documentation should be provided to minimize the number of calls to the Help Desk about problems with the system.,NFR,Performance,0.5
24,F0_REQ_00025,Modifications should be reported via the main page to inform actors of unexpected changes.,FR,Functional,0.2
25,F0_REQ_00026,This electronic documentation should be supplemented with phone and on-site support provided by the Office of Information Services.,FR,Functional,0.2
26,F0_REQ_00027,"System administrators must have access to comprehensive, searchable documentation.",FR,Functional,0.5
27,F0_REQ_00028,A comprehensive database of maintenance tasks and help files should be compiled to make the courseware system easier to maintain from an IT staff point-of-view.,FR,Functional,0.2
28,F0_REQ_00029,Search results should be displayed based on relevance.,FR,Functional,0.2
29,F0_REQ_00030,"This documentation must cover all procedures necessary for regular maintenance with links to additional information, all common errors, and links or documentation for advanced troubleshooting.",FR,Functional,0.5
30,F0_REQ_00031,The EIRENE network shall provide text message bearer service.,FR,Functional,0.8
31,F0_REQ_00032,The EIRENE network shall provide bearer service for general data applications.,FR,Functional,0.8
32,F0_REQ_00033,The EIRENE network shall provide bearer service for automatic fax.,FR,Functional,0.8
33,F0_REQ_00034,The EIRENE network shall provide bearer service for train control applications.,FR,Functional,0.8
34,F0_REQ_00035,The EIRENE network shall provide closed user group service.,FR,Functional,0.8
35,F0_REQ_00036,The EIRENE network shall provide multi-level priority and pre-emption.,FR,Functional,0.8
36,F0_REQ_00037,"The EIRENE network shall provide advanced call handling, such as call hold, call transfer, call queuing, etc.",FR,Functional,0.8
37,F0_REQ_00038,The EIRENE network shall provide auto answer service.,FR,Functional,0.8
38,F0_REQ_00039,The EIRENE network shall provide barring incoming or outgoing calls.,FR,Functional,0.8
39,F0_REQ_00040,The EIRENE network shall provide call supervisory indications.,FR,Functional,0.8
40,F0_REQ_00041,The EIRENE network shall provide charging information.,FR,Functional,0.8
41,F0_REQ_00042,"The EIRENE network shall support functional addressing by train, engine or coach number or functional number.",NFR,Performance,1
42,F0_REQ_00043,The EIRENE network shall support call specific persons depending upon user location.,FR,Functional,0.8
43,F0_REQ_00044,The EIRENE network shall support a specific mode for shunting operations providing a link assurance signal.,FR,Functional,0.8
44,F0_REQ_00045,The EIRENE network shall support multiple driver communications within the same train.,FR,Functional,0.8
45,F0_REQ_00046,The EIRENE network shall support railway operational emergency calls.,FR,Functional,0.8
46,F0_REQ_00047,The EIRENE network shall provide a direct mode facility for local set-to-set operation without network infrastructure.,FR,Functional,0.8
47,F0_REQ_00048,The EIRENE network shall provide set-up of urgent or frequent calls through single keystroke or similar.,FR,Functional,0.8
48,F0_REQ_00049,The EIRENE network shall provide display of functional identity of calling/called party.,FR,Functional,0.8
49,F0_REQ_00050,The EIRENE network shall provide fast and guaranteed call set-up.,FR,Functional,0.8
50,F0_REQ_00051,The EIRENE network shall provide seamless communication support for train speeds up to 500 km/h.,FR,Functional,0.8
51,F0_REQ_00052,The EIRENE network shall provide automatic and manual test modes with fault indications.,FR,Functional,0.8
52,F0_REQ_00053,The EIRENE network shall provide control over mobile network selection.,FR,Functional,0.8
53,F0_REQ_00054,The EIRENE network shall provide control over system configuration.,FR,Functional,0.8
54,F0_REQ_00055,It shall be possible for applications external to EIRENE to access EIRENE bearer services.,FR,Functional,0.8
55,F0_REQ_00056,All voice call services shall be able to operate between any combination of fixed and mobile equipment users.,NFR,Performance,1
56,F0_REQ_00057,The system shall support point-to-point voice calls between any two call parties.,FR,Functional,0.8
57,F0_REQ_00058,Such point-to-point calls shall allow both parties to talk simultaneously.,FR,Functional,0.8
58,F0_REQ_00059,The system shall allow a user to make public emergency point-to-point voice calls.,FR,Functional,0.8
59,F0_REQ_00060,The system shall support broadcast voice calls.,FR,Functional,0.8
60,F0_REQ_00061,The composition of call groups shall be able to be modified within the network.,FR,Functional,0.8
61,F0_REQ_00062,A single user shall be able to be a member of one or more call groups.,NFR,Performance,1
62,F0_REQ_00063,The local area over which broadcast calls shall be implemented shall be able to be modified within the network.,FR,Functional,0.8
63,F0_REQ_00064,"It shall only be possible for the user who initiated the call to talk, other users can only listen (for broadcast calls).",FR,Functional,0.8
64,F0_REQ_00065,The system shall support group voice calls.,FR,Functional,0.8
65,F0_REQ_00066,The composition of call groups shall be able to be modified within the network (for group calls).,FR,Functional,0.8
66,F0_REQ_00067,The local area over which group calls are implemented shall be able to be modified within the network (for group calls).,FR,Functional,0.8
67,F0_REQ_00068,It shall be possible for controllers to speak at any time during a group call.,FR,Functional,0.8
68,F0_REQ_00069,A mechanism shall be provided by the system to arbitrate between those users wishing to speak within the group call.,FR,Functional,0.8
69,F0_REQ_00070,The system shall support multi-party voice communications between up to six different parties.,FR,Functional,0.8
70,F0_REQ_00071,Any of the parties involved in a multi-party voice call shall be able to talk simultaneously.,FR,Functional,0.8
71,F0_REQ_00072,The EIRENE network should support text messages.,FR,Functional,0.2
72,F0_REQ_00073,The network should support the receipt of mobile-originated text messages by the ground.,FR,Functional,0.2
73,F0_REQ_00074,"If the text message facility is implemented, it shall not interfere with the ability of users to make or receive high priority voice or data calls.",FR,Functional,0.8
74,F0_REQ_00075,The network shall support point-to-point data communications.,FR,Functional,0.8
75,F0_REQ_00076,The network shall support data rates of at least 2.4 kbit/s.,FR,Functional,0.8
76,F0_REQ_00077,The network should support fax transmissions between the ground and mobile users.,FR,Functional,0.2
77,F0_REQ_00078,"Where fax functionality is provided, it shall be possible to interrupt the fax to make or receive a high priority voice or data call.",FR,Functional,0.8
78,F0_REQ_00079,"Where ERTMS/ETCS level 2 or 3 is implemented, the network shall be capable of supporting data communications for that train control system.",FR,Functional,0.8
79,F0_REQ_00080,The EIRENE network shall support display of identity of called/calling user.,FR,Functional,0.8
80,F0_REQ_00081,The EIRENE network should support restriction of display of called/calling user.,FR,Functional,0.2
81,F0_REQ_00082,The EIRENE network shall support priority and pre-emption.,FR,Functional,0.8
82,F0_REQ_00083,The EIRENE network shall support closed user group.,FR,Functional,0.8
83,F0_REQ_00084,The EIRENE network shall support call forwarding.,FR,Functional,0.8
84,F0_REQ_00085,The EIRENE network shall support call hold.,FR,Functional,0.8
85,F0_REQ_00086,The EIRENE network shall support call waiting.,FR,Functional,0.8
86,F0_REQ_00087,The EIRENE network should support charging information.,FR,Functional,0.2
87,F0_REQ_00088,The EIRENE network shall support call barring.,FR,Functional,0.8
88,F0_REQ_00089,It shall be possible for the equipment to display the identity of the called or calling party in the form of a standard telephone number.,NFR,Performance,1
89,F0_REQ_00090,It shall be possible to display the identity of the called or calling party as a textual description of their function.,FR,Functional,0.8
90,F0_REQ_00091,"It should be possible for the network to prevent the identity of certain users from being displayed on the mobile, either when being called, calling or both.",FR,Functional,0.2
91,F0_REQ_00092,The network shall provide a mechanism whereby calls may be assigned one of a number of different priority levels.,NFR,Performance,1
92,F0_REQ_00093,This mechanism shall allow calls with a higher assigned priority to override (pre-empt) existing calls of a lower priority.,FR,Functional,0.8
93,F0_REQ_00094,Pre-empted calls will be discontinued and the new call of a higher priority shall be connected instead.,FR,Functional,0.8
94,F0_REQ_00095,The group of users who may access the facilities of the EIRENE network shall be limited.,FR,Functional,0.8
95,F0_REQ_00096,Any user who is not within the list of allowed EIRENE users shall not be able to gain access to any of the functions and services provided by the network.,FR,Functional,0.8
96,F0_REQ_00097,It shall be possible for an incoming call or data message for one user to be forwarded to another user using functionality provided by the network.,FR,Functional,0.8
97,F0_REQ_00098,"In the case of voice calls, it shall be possible for the user who is attempting to forward a call to converse with the intended recipient prior to forwarding.",FR,Functional,0.8
98,F0_REQ_00099,The network shall support automatically forwarding the incoming call without any user interaction (unconditional).,FR,Functional,0.8
99,F0_REQ_00100,The network shall support automatically forwarding the incoming call without user interaction if the user is busy in an existing call (busy).,FR,Functional,0.8
100,F0_REQ_00101,The network should support automatically forwarding the incoming call if there is no reply from the intended recipient (no reply).,FR,Functional,0.2
101,F0_REQ_00102,The network should support automatically forwarding the incoming call if the intended recipient cannot be contacted via the network (not reachable).,FR,Functional,0.2
102,F0_REQ_00103,The network shall allow the user to temporarily exit from an existing call by putting the call on hold.,FR,Functional,0.8
103,F0_REQ_00104,It shall be possible for the user to re-join the call which is on hold at any time.,FR,Functional,0.8
104,F0_REQ_00105,"The network shall provide the ability to inform a user, who is involved in an existing call, of attempts by other users to contact them.",FR,Functional,0.8
105,F0_REQ_00106,"Where network services are chargeable, it should be possible for the network to provide information about call rates and on-going call charges.",FR,Functional,0.2
106,F0_REQ_00107,"It shall be possible, using network management or maintenance facilities, to prevent individual users from making calls to another network (fixed or mobile).",FR,Functional,0.8
107,F0_REQ_00108,"It shall be possible, using network management or maintenance facilities, to prevent individual users from making calls to certain types of numbers within or external to the network.",NFR,Performance,1
108,F0_REQ_00109,"It shall be possible, using network management or maintenance facilities, to prevent individual users from making calls to certain pre-defined telephone numbers.",NFR,Performance,1
109,F0_REQ_00110,"It shall be possible, using network management or maintenance facilities, to prevent individual users from receiving calls from all other networks (fixed or mobile).",FR,Functional,0.8
110,F0_REQ_00111,"It shall be possible, using network management or maintenance facilities, to prevent individual users from receiving calls from certain other networks (fixed or mobile).",FR,Functional,0.8
111,F0_REQ_00112,"It shall be possible, using network management or maintenance facilities, to prevent individual users from receiving calls from certain types of numbers within or external to the network.",NFR,Performance,1
112,F0_REQ_00113,"It shall be possible, using network management or maintenance facilities, to prevent individual users from receiving calls from certain pre-defined telephone numbers.",NFR,Performance,1
113,F0_REQ_00114,The EIRENE network shall provide support for functional addressing including registration/deregistration (see section 11).,FR,Functional,0.8
114,F0_REQ_00115,The EIRENE network shall provide support for location dependent addressing (see section 11).,FR,Functional,0.8
115,F0_REQ_00116,The EIRENE network shall provide support for shunting mode (see section 14).,FR,Functional,0.8
116,F0_REQ_00117,The EIRENE network shall provide support for Railway emergency calls (see section 13).,FR,Functional,0.8
117,F0_REQ_00118,The level of coverage should be at least 95% of the time over 95% of the designated coverage area for a radio installed in a vehicle with an external antenna.,FR,Functional,0.5
118,F0_REQ_00119,The network shall support all EIRENE-compliant mobiles.,FR,Functional,0.8
119,F0_REQ_00120,"The land-based part of the system shall provide communications for mobiles when stationary and when travelling at speeds up to the maximum allowable line speed or 500 km/h, whichever is the lower.",FR,Functional,0.8
120,F0_REQ_00121,Railway emergency calls call set-up time shall be <2s*.,FR,Functional,0.8
121,F0_REQ_00122,Group calls between drivers in the same area call set-up time shall be <5s.,FR,Functional,0.8
122,F0_REQ_00123,All operational mobile-to-fixed calls not covered by the above call set-up time should be <5s.,FR,Functional,0.2
123,F0_REQ_00124,All operational fixed-to-mobile calls not covered by the above call set-up time should be <7s.,FR,Functional,0.2
124,F0_REQ_00125,All operational mobile-to-mobile calls not covered by the above call set-up time should be <10s.,FR,Functional,0.2
125,F0_REQ_00126,All low priority calls call set-up time should be <10s.,FR,Functional,0.2
126,F0_REQ_00127,The required call set-up times shall be achieved in 95% of cases.,FR,Functional,1
127,F0_REQ_00128,Call set-up times for 99% of cases shall not be more than 1.5 times the required call set-up time.,FR,Functional,1
128,F0_REQ_00129,Set-up times shall include the time required for any translation of functional numbers internal to the EIRENE network.,NFR,Performance,1
129,F0_REQ_00130,"It shall be possible to determine the area over which a group or broadcast call takes place by one, or a combination, of the following: the location of the call initiator (if mobile-originated); the identity of the group being called (eg all users, all trains, etc); a prefix to the group identity specifying the call area (if fixed network-initiated).",NFR,Performance,1
130,F0_REQ_00131,"Any group or broadcast calls initiated in a given location shall be broadcast over an associated area based on the location of the call originator, and also to any fixed network numbers associated with the originating location.",FR,Functional,1
131,F0_REQ_00132,The definition of each broadcast or group call area should take into account factors such as the speed of trains on the line (stopping distance) and the operational control areas.,FR,Functional,0.2
132,F0_REQ_00133,Mobiles configured for reception of railway emergency calls entering into a call area where a railway emergency call is ongoing shall automatically join this call.,FR,Functional,0.8
133,F0_REQ_00134,Cab Radios configured for reception of a call to all drivers in the same area entering an area where a call to all drivers in the same area is ongoing shall automatically join this call unless involved in a higher priority call or involved in a call of the same priority.,FR,Functional,0.8
134,F0_REQ_00135,"It shall be possible to operate all mobiles in the frequency bands around 900 MHz, allocated for use by the railways, and in the public GSM networks.",FR,Functional,0.8
135,F0_REQ_00136,Mobile equipment shall function correctly when travelling at speeds from 0 km/h to 500 km/h.,FR,Functional,0.8
136,F0_REQ_00137,Cab radio shall support multi-party voice calls.,FR,Functional,0.8
137,F0_REQ_00138,General purpose radio should support multi-party voice calls.,FR,Functional,0.2
138,F0_REQ_00139,Operational radio should support multi-party voice calls.,FR,Functional,0.2
139,F0_REQ_00140,Cab radio shall support general data applications.,FR,Functional,0.8
140,F0_REQ_00141,General purpose radio should support general data applications.,FR,Functional,0.2
141,F0_REQ_00142,Operational radio should support general data applications.,FR,Functional,0.2
142,F0_REQ_00143,Cab radio should support automatic fax.,FR,Functional,0.2
143,F0_REQ_00144,General purpose radio should support automatic fax.,FR,Functional,0.2
144,F0_REQ_00145,Operational radio should support automatic fax.,FR,Functional,0.2
145,F0_REQ_00146,Cab radio should support train control applications.,FR,Functional,0.2
146,F0_REQ_00147,General purpose radio should support train control applications.,FR,Functional,0.2
147,F0_REQ_00148,Operational radio should support train control applications.,FR,Functional,0.2
148,F0_REQ_00149,Cab radio shall support EIRENE closed user group.,FR,Functional,0.8
149,F0_REQ_00150,General purpose radio should support EIRENE closed user group.,FR,Functional,0.2
150,F0_REQ_00151,Operational radio shall support EIRENE closed user group.,FR,Functional,0.8
151,F0_REQ_00152,Cab radio shall support unconditional call forwarding.,FR,Functional,0.8
152,F0_REQ_00153,General purpose radio should support unconditional call forwarding.,FR,Functional,0.2
153,F0_REQ_00154,Operational radio should support unconditional call forwarding.,FR,Functional,0.2
154,F0_REQ_00155,Cab radio should support if user busy call forwarding.,FR,Functional,0.2
155,F0_REQ_00156,General purpose radio should support if user busy call forwarding.,FR,Functional,0.2
156,F0_REQ_00157,Operational radio should support if user busy call forwarding.,FR,Functional,0.2
157,F0_REQ_00158,Cab radio should support if no reply call forwarding.,FR,Functional,0.2
158,F0_REQ_00159,General purpose radio should support if no reply call forwarding.,FR,Functional,0.2
159,F0_REQ_00160,Operational radio should support if no reply call forwarding.,FR,Functional,0.2
160,F0_REQ_00161,Cab radio should support if not reachable call forwarding.,FR,Functional,0.2
161,F0_REQ_00162,General purpose radio should support if not reachable call forwarding.,FR,Functional,0.2
162,F0_REQ_00163,Operational radio should support if not reachable call forwarding.,FR,Functional,0.2
163,F0_REQ_00164,Cab radio shall support call hold.,FR,Functional,0.8
164,F0_REQ_00165,General purpose radio should support call hold.,FR,Functional,0.2
165,F0_REQ_00166,Operational radio should support call hold.,FR,Functional,0.2
166,F0_REQ_00167,Cab radio should support display of call charging information.,FR,Functional,0.2
167,F0_REQ_00168,General purpose radio should support display of call charging information.,FR,Functional,0.2
168,F0_REQ_00169,Operational radio should support display of call charging information.,FR,Functional,0.2
169,F0_REQ_00170,Cab radio shall support call barring.,FR,Functional,0.8
170,F0_REQ_00171,General purpose radio should support call barring.,FR,Functional,0.2
171,F0_REQ_00172,Operational radio shall support call barring.,FR,Functional,0.8
172,F0_REQ_00173,Cab radio shall support auto answer service.,FR,Functional,0.8
173,F0_REQ_00174,General purpose radio should support auto answer service.,FR,Functional,0.2
174,F0_REQ_00175,Operational radio shall support auto answer service.,FR,Functional,0.8
175,F0_REQ_00176,Cab radio shall support call supervisory information.,FR,Functional,0.8
176,F0_REQ_00177,General purpose radio should support call supervisory information.,FR,Functional,0.2
177,F0_REQ_00178,Operational radio should support call supervisory information.,FR,Functional,0.2
178,F0_REQ_00179,Cab radio shall support location dependent addressing (section 11).,FR,Functional,0.8
179,F0_REQ_00180,General purpose radio should support location dependent addressing (section 11).,FR,Functional,0.2
180,F0_REQ_00181,Operational radio should support location dependent addressing (section 11).,FR,Functional,0.2
181,F0_REQ_00182,Cab radio should support direct mode (section 15).,FR,Functional,0.2
182,F0_REQ_00183,Operational radio should support direct mode (section 15).,FR,Functional,0.2
183,F0_REQ_00184,Cab radio shall support shunting mode (section 14).,FR,Functional,0.8
184,F0_REQ_00185,Operational radio should support shunting mode (section 14).,FR,Functional,0.2
185,F0_REQ_00186,Cab radio shall support multiple driver communications within the same train (section 5).,FR,Functional,0.8
186,F0_REQ_00187,"Any environmental and physical requirements stated may be superseded by national requirements if the national standards provide a higher level of environmental and physical protection. However, stricter national standards shall not prevent the use of other EIRENE mobiles in that country.",FR,Functional,0.8
187,F0_REQ_00188,"All design, testing and installation of EIRENE mobile radio equipment shall comply with the quality procedures defined in ISO 90014.",FR,Functional,0.8
188,F0_REQ_00189,"Any pressure pulses caused by vehicles passing, entering or leaving tunnels shall not affect the normal operation of EIRENE mobile equipment.",FR,Functional,0.8
189,F0_REQ_00190,"The design of EIRENE mobiles shall comply with the relevant European Norms for protection against physical hazards, including pollution, chemical contaminants, flammable substances, biologically active substances, dust, sand and heavy particles, and mould growth.",FR,Functional,0.8
190,F0_REQ_00191,All EIRENE mobile equipment shall be capable of being operated on board rolling stock.,FR,Functional,0.8
191,F0_REQ_00192,The batteries to be used in the mobile equipment shall have sufficient capacity to support typical railway use.,FR,Functional,0.8
192,F0_REQ_00193,A driver may be provided with a handheld portable to allow communications whilst the driver is outside the train.,FR,Functional,0.5
193,F0_REQ_00194,Once a call has been established the connected parties shall be able to communicate.,FR,Functional,0.8
194,F0_REQ_00195,Picking up the handset shall transfer the communication to the handset and reduce the loudspeaker volume to its minimum level.,FR,Functional,0.8
195,F0_REQ_00196,Replacing the handset shall cancel the call.,FR,Functional,0.8
196,F0_REQ_00197,Replacing the handset shall transfer the call to the loudspeaker at the initial volume.,FR,Functional,0.8
197,F0_REQ_00198,A Push-To-Talk function shall be provided for use during group calls.,FR,Functional,0.8
198,F0_REQ_00199,It shall be possible for the driver to initiate a call to the primary controller with a minimum of driver action.,FR,Functional,0.8
199,F0_REQ_00200,It shall be possible for the driver to initiate a call to the secondary controller with a minimum of driver action.,FR,Functional,0.8
200,F0_REQ_00201,It shall be possible for the driver to initiate a call to the power supply controller with a minimum of driver action.,FR,Functional,0.8
201,F0_REQ_00202,"Once an appropriate destination has been obtained, the radio shall attempt to establish a call to this destination.",FR,Functional,0.8
202,F0_REQ_00203,The functional identity shall be displayed to the controller (upon call establishment).,FR,Functional,0.8
203,F0_REQ_00204,"The functional identity displayed shall include the train number, if available.",NFR,Performance,1
204,F0_REQ_00205,"The functional identity displayed shall include the engine number, if no train number is available.",NFR,Performance,1
205,F0_REQ_00206,"The functional identity displayed should include the coach number of the leading cab, if neither a train number nor an engine number is available.",NFR,Performance,0.5
206,F0_REQ_00207,An audible and visual indication shall be provided to the driver that the call is proceeding.,FR,Functional,0.8
207,F0_REQ_00208,"When the call is connected to the controller, an audible and visual indication is to be provided to the driver.",FR,Functional,0.5
208,F0_REQ_00209,The call shall be connected to the loudspeaker at the pre-set value (when connected to the controller).,FR,Functional,0.8
209,F0_REQ_00210,"The functional identity of the connected party, if available, shall be displayed to the driver.",FR,Functional,0.8
210,F0_REQ_00211,"If the functional identity of the connected party contains an alphanumeric description, this shall also be displayed.",FR,Functional,0.8
211,F0_REQ_00212,"If the system is not able to connect the call, an audible and visual indication shall be provided to the driver that the call was not received by the controller.",FR,Functional,0.8
212,F0_REQ_00213,The indication for a failed connection shall also indicate if the called party was busy or if the network could not connect the call.,FR,Functional,0.8
213,F0_REQ_00214,It shall be possible for a driver to initiate and participate in group voice calls between drivers in a pre-defined geographical area.,FR,Functional,0.8
214,F0_REQ_00215,A driver shall be able to initiate the establishment of a call to other drivers with a minimum of action (eg a single keystroke).,FR,Functional,0.8
215,F0_REQ_00216,The group identity shall be displayed on the Cab radios of the participating drivers.,FR,Functional,0.8
216,F0_REQ_00217,An audible and visual indication shall be provided to the driver that the call is proceeding (for calls to other drivers).,FR,Functional,0.8
217,F0_REQ_00218,"Once connected, the driver shall be able to communicate with other driver(s) by using the Push-To-Talk button on the handset.",FR,Functional,0.8
218,F0_REQ_00219,An indication shall be provided to the driver as a reminder of the need to use the Push-To-Talk button on the handset if he wants to talk.,FR,Functional,0.8
219,F0_REQ_00220,The call shall be connected to the loudspeaker until the driver picks up the handset (for calls to other drivers).,FR,Functional,0.8
220,F0_REQ_00221,"The call shall continue until terminated by the calling driver, an authorised controller or the network.",FR,Functional,0.8
221,F0_REQ_00222,"If the train moves out of the group call area whilst the call is in progress, an audible and visual indication of the loss of call shall be provided to the driver.",FR,Functional,0.8
222,F0_REQ_00223,"If the system is not able to connect the call, an audible and visual indication shall be provided to the driver (for calls to other drivers).",FR,Functional,0.8
223,F0_REQ_00224,It shall be possible for a driver to initiate Railway emergency calls (see section 13).,FR,Functional,0.8
224,F0_REQ_00225,"If a train-borne recorder is connected to the Cab radio, details of the activation, termination and any failures of the emergency function shall be sent to the train-borne recorder as each event occurs.",FR,Functional,0.8
225,F0_REQ_00226,"A continuous visual and short audible indication (from 0 to 20 seconds, for trials: 5 seconds) that the emergency function has been activated shall be provided in the cab.",NFR,Performance,1
226,F0_REQ_00227,"When the handset is off-hook, the audible indication (for emergency activation) shall be sounded from the loudspeaker at a low volume, but shall not be sounded from the handset.",FR,Functional,0.8
227,F0_REQ_00228,"Once the Railway emergency call is connected and the audible indication is finished, an indication shall be provided to the driver as a reminder of the need to use the Push-To-Talk button on the handset if he wants to speak.",FR,Functional,0.8
228,F0_REQ_00229,The Railway emergency call shall be connected to the loudspeaker until the driver picks up the handset.,FR,Functional,0.8
229,F0_REQ_00230,"If the train moves out of the call area whilst the Railway emergency call is in progress, it will leave the call and an audible and visual indication of the loss of call shall be provided to the driver.",FR,Functional,0.8
230,F0_REQ_00231,"Once the Railway emergency call is terminated, the continuous visual alarm indication in the cab shall cease.",FR,Functional,0.8
231,F0_REQ_00232,"If the system is not able to connect the Railway emergency call, an audible and visual indication shall be provided to the driver.",FR,Functional,0.8
232,F0_REQ_00233,It shall be possible for the lead driver to establish a permanent radio connection between each of the active cabs of multiple traction vehicles not connected by on-train wire connections.,FR,Functional,0.8
233,F0_REQ_00234,"Whilst an on-going multi-driver call, a ‘multi-drivers' indication shall be displayed permanently at all Cab radios.",FR,Functional,0.8
234,F0_REQ_00235,"The lead driver shall be notified if a member of the group has placed the multi-driver call on hold, although this shall not affect communications between the remaining members of the group.",NFR,Performance,1
235,F0_REQ_00236,"At any time during a multi-driver call, the lead driver shall be able to remove a member of the group.",NFR,Performance,1
236,F0_REQ_00237,The lead driver shall be able to terminate the entire multi-driver call.,FR,Functional,0.8
237,F0_REQ_00238,"If a driver is disconnected from the multi-driver call, a clear indication shall be given.",FR,Functional,0.8
238,F0_REQ_00239,The setting up and closing down of a multi-driver call shall be simplified using automation or guidance through the steps required.,FR,Functional,0.8
239,F0_REQ_00240,"In each cab, the multi-driver call shall be connected to the loudspeaker whilst the handset is on-hook.",FR,Functional,0.8
240,F0_REQ_00241,"If any part of a multi-driver call fails, an audible and visual indication shall be provided in the appropriate cab.",FR,Functional,0.8
241,F0_REQ_00242,"For calls between a controller and the lead cab, it shall be possible to add the controller to the multi-driver call.",FR,Functional,0.8
242,F0_REQ_00243,"If the controller calls the lead driver (in a controller-lead cab call), the controller is automatically added into the multi-driver call.",FR,Functional,0.5
243,F0_REQ_00244,Functional identity of the controller shall be displayed in the leading cab (in a controller-lead cab call).,FR,Functional,0.8
244,F0_REQ_00245,It shall be possible for the driver to contact members of on-board train staff using a point-to-point voice call.,NFR,Performance,1
245,F0_REQ_00246,"Upon activation of the function to call train staff, the Cab radio shall provide the driver with a list of 'generic' staff, e.g. chief conductor, conductor 1, conductor 2, catering staff 1.",FR,Functional,0.8
246,F0_REQ_00247,The driver shall then be prompted to select the train staff with which he wishes to communicate.,FR,Functional,0.8
247,F0_REQ_00248,The Cab radio shall be integrated with internal communication systems such that the appropriate means of connection (wire or radio) will be determined automatically for staff connected by intercom or internal telephone.,FR,Functional,0.8
248,F0_REQ_00249,"The Cab radio shall be capable of being used as a standard telephone, such that the driver is able to call any valid number subject to pre-defined call restrictions.",NFR,Performance,1
249,F0_REQ_00250,The call from the Cab radio may be initiated by selection from a pre-defined list (up to 99 entries).,FR,Functional,0.5
250,F0_REQ_00251,The call from the Cab radio may be initiated by direct dialling a subscriber number.,NFR,Performance,0.8
251,F0_REQ_00252,The call from the Cab radio may be initiated by calling a functional number.,NFR,Performance,0.8
252,F0_REQ_00253,An audible and visual indication of an incoming call shall be provided (for point-to-point voice call).,FR,Functional,0.8
253,F0_REQ_00254,"The functional identity (which may contain an alphanumeric description) of the calling party, when available, shall be displayed.",FR,Functional,0.8
254,F0_REQ_00255,Point-to-point calls that are not automatically answered (see table 10-1) shall only be answered once the driver accepts the call.,FR,Functional,0.8
255,F0_REQ_00256,"Once the driver has accepted the standard point-to-point call, it shall be connected appropriately, e.g. if the driver has accepted the call by lifting the handset, then the call shall be routed to the handset.",FR,Functional,0.8
256,F0_REQ_00257,An audible and visual indication of the incoming call shall be provided when a Cab radio receives a group or broadcast call.,FR,Functional,0.8
257,F0_REQ_00258,The group identity of the voice group call (VBS or VGCS) shall be displayed.,FR,Functional,0.8
258,F0_REQ_00259,"Group or broadcast calls shall automatically be connected to the loudspeaker if the handset is not in use, or to the handset if the handset is off hook.",FR,Functional,0.8
259,F0_REQ_00260,The driver shall be informed if a broadcast call is ongoing by a visual indication displayed on the MMI.,FR,Functional,0.8
260,F0_REQ_00261,"If the call is a group call, the driver shall be required to request permission before being able to speak as part of the call by lifting the handset and pushing the Push-To-Talk (PTT) button.",FR,Functional,0.8
261,F0_REQ_00262,"During a group call, a visual indication shall be displayed on the driver's MMI to remind the driver of the need to use the PTT button.",FR,Functional,0.8
262,F0_REQ_00263,"In a group call, an audible and visual indication of whether the request to talk was successful shall be provided.",FR,Functional,0.8
263,F0_REQ_00264,The driver shall then be able to speak as part of the call whilst the PTT button is pressed.,FR,Functional,0.8
264,F0_REQ_00265,"If the train moves out of the group or broadcast call area whilst the call is in progress, an audible and visual indication of the loss of call shall be provided to the driver.",FR,Functional,0.8
265,F0_REQ_00266,"Reception of an incoming Railway emergency call shall proceed as for a standard group or broadcast call, except that a distinctive audible and visual indication shall be provided in the cab.",FR,Functional,0.8
266,F0_REQ_00267,"If a train-borne recorder is connected to the Cab radio, details of an incoming Railway emergency call shall be transmitted to the train-borne recorder for recording, see section 5.8.",FR,Functional,0.8
267,F0_REQ_00268,An automatic confirmation shall be generated by the Cab radio at the end of the Railway emergency call as detailed in section 13.,FR,Functional,0.8
268,F0_REQ_00269,The Cab radio shall provide a means for the driver to terminate calls which he is authorised to terminate (i.e. all calls except Railway emergency calls not initiated by the driver and shunting group calls).,FR,Functional,0.8
269,F0_REQ_00270,"For group or broadcast calls, a means to leave the call without terminating the call shall be provided.",FR,Functional,0.8
270,F0_REQ_00271,The Cab radio system shall be able to receive incoming text messages (see section 12 for details).,FR,Functional,0.8
271,F0_REQ_00272,The Cab radio shall support a ‘shunting mode' of operation that provides a link assurance tone to reassure users of the integrity of the communication link (see section 14).,FR,Functional,0.8
272,F0_REQ_00273,A means to enter and leave shunting mode shall be provided.,FR,Functional,0.8
273,F0_REQ_00274,The functionality to enter and leave shunting mode shall not be available when there are on-going calls involving the Cab radio.,FR,Functional,0.8
274,F0_REQ_00275,The link assurance tone shall be provided via the loudspeaker.,FR,Functional,0.8
275,F0_REQ_00276,"It should be possible for the Cab radio to be used without the network service (if it should fail or if there is no authorised network coverage), such that local open channel communications are still possible (direct mode).",FR,Functional,0.2
276,F0_REQ_00277,"If direct mode is implemented, a means to enter and leave direct mode shall be provided.",FR,Functional,0.8
277,F0_REQ_00278,"If the radio is in direct mode and the normal network service returns, the user shall be provided with an audible and visual indication.",FR,Functional,0.8
278,F0_REQ_00279,"Where calls involve the Cab radio but not the driver, the driver shall be provided with an indication that the Cab radio is busy.",FR,Functional,0.8
279,F0_REQ_00280,"For voice calls using the Cab radio not involving the driver as a called or calling party, the driver shall have the possibility to listen to the audio output of the communication.",FR,Functional,0.8
280,F0_REQ_00281,"For voice communications, if the driver picks up the handset, the radio shall allow him to join the communication.",FR,Functional,0.8
281,F0_REQ_00282,The driver shall be able to terminate communications (voice or data) by selecting another call.,FR,Functional,0.8
282,F0_REQ_00283,"Where the Cab radio is required by a national railway to support a handheld portable, the Cab radio shall provide a clear indication as to whether the handheld portable is activated or not.",FR,Functional,0.8
283,F0_REQ_00284,"Where the Cab radio is required by a national railway to support a handheld portable, the Cab radio shall provide an interface to allow the handheld portable to be recharged when not in use.",FR,Functional,0.8
284,F0_REQ_00285,"Where the Cab radio is required by a national railway to support a handheld portable, the Cab radio shall forward calls automatically to the handheld portable when the handheld portable is activated.",FR,Functional,0.8
285,F0_REQ_00286,"Where the Cab radio is required by a national railway to support a handheld portable, the Cab radio shall cancel any call forwarding to the handheld portable when it is deactivated.",FR,Functional,0.8
286,F0_REQ_00287,"Where the Cab radio is required by a national railway to support a handheld portable, the Cab radio shall allow the driver to override the call forwarding to the handheld portable.",FR,Functional,0.8
287,F0_REQ_00288,Powering up the Cab radio will initiate automatic self-testing.,FR,Functional,0.5
288,F0_REQ_00289,Powering up the Cab radio will initiate automatic selection of the pre-set loudspeaker volume.,FR,Functional,0.5
289,F0_REQ_00290,"Powering up the Cab radio will initiate registration with other on-train systems, such as ERTMS/ETCS.",FR,Functional,0.5
290,F0_REQ_00291,All failures of self-tests should be recorded in the train-borne recorder.,NFR,Reliability,0.2
291,F0_REQ_00292,"Powering up the Cab radio will initiate connection of the Cab radio to an authorised mobile network, which shall be the network to which the mobile was last registered (where available).",FR,Functional,0.8
292,F0_REQ_00293,"If connection is successful, the name of the network shall be displayed on the MMI and an audible indication of successful connection shall be given.",FR,Functional,0.8
293,F0_REQ_00294,"If connection is not successful, an audible and visual indication shall be provided.",FR,Functional,0.8
294,F0_REQ_00295,Powering down the Cab radio shall cause the disconnection of the Cab radio from the mobile network.,FR,Functional,0.8
295,F0_REQ_00296,"When switched off, the radio shall retain any numbers which are stored at the time the radio is switched off.",NFR,Performance,1
296,F0_REQ_00297,The MMI on/off control shall be designed to prevent accidental activation/deactivation.,FR,Functional,0.8
297,F0_REQ_00298,Switching the MMI on shall cause a self test of MMI (e.g. transitory lighting of the display and of all the controls and indicator lights of the MMI).,FR,Functional,0.8
298,F0_REQ_00299,"Switching the MMI on shall cause determination of the status of the Cab radio, providing a display of radio status on the MMI.",FR,Functional,0.8
299,F0_REQ_00300,"When the MMI is switched on, if less than 't' minutes have elapsed since it was last powered down, the MMI shall power up with the same configuration.",FR,Functional,0.8
300,F0_REQ_00301,"When the MMI is switched on, if greater than 't' minutes have elapsed since it was last powered down, the MMI shall power up with default settings.",FR,Functional,0.8
301,F0_REQ_00302,"The time 't' should be able to be varied between 0 and 240 minutes, as a maintenance function, allowing the radio to power up in a consistent state following minor operational procedures or power interruptions.",FR,Functional,0.2
302,F0_REQ_00303,Switch off shall be “soft so that the Cab radio completes controlled termination of a current call before actually switching off.,FR,Functional,0.8
303,F0_REQ_00304,Switch off shall be “soft so that the Cab radio deregisters the train number (where applicable) before actually switching off.,NFR,Performance,1
304,F0_REQ_00305,Switch off shall be “soft so that the Cab radio stores required data before actually switching off.,FR,Functional,0.8
305,F0_REQ_00306,Switch off shall be “soft so that the Cab radio confirms Railway emergency calls (see section 13) before actually switching off.,FR,Functional,0.8
306,F0_REQ_00307,"As far as possible, the soft switch off procedure should also apply on power failure.",NFR,Reliability,0.2
307,F0_REQ_00308,"When switched off, the public address function (if available) shall still be provided.",FR,Functional,0.8
308,F0_REQ_00309,"When switched off, the call Chief Conductor function (if available) shall still be provided.",FR,Functional,0.8
309,F0_REQ_00310,"When switched off, the intercom function (if available) shall still be provided.",FR,Functional,0.8
310,F0_REQ_00311,It shall be possible to present radio related prompts and information in a number of different languages.,NFR,Performance,1
311,F0_REQ_00312,"By default, prompts and information shall be displayed in the language selected by the train owner (as stored within the system).",FR,Functional,0.8
312,F0_REQ_00313,It shall be possible for the user to display a list of available languages and select the language in which radio related prompts and information are displayed both at turn on and during a journey (e.g. where a change of drivers may occur).,FR,Functional,0.8
313,F0_REQ_00314,The radio shall support at least ten different languages.,FR,Functional,0.8
314,F0_REQ_00315,"By default, the loudspeaker volume shall be set to a pre-determined level suitable for the operating environment (as stored within the system).",FR,Functional,0.8
315,F0_REQ_00316,It shall be possible for the driver to increase and decrease the loudspeaker volume within the adjustment range selected.,FR,Functional,0.8
316,F0_REQ_00317,"When the handset is picked up, the loudspeaker shall continue to operate, but at a reduced volume level.",FR,Functional,0.8
317,F0_REQ_00318,"Using a simple MMI action, it shall be possible for the driver to view a prioritised list of all authorised mobile radio networks (see section 10.5).",FR,Functional,0.8
318,F0_REQ_00319,"When presented with this list, it shall be possible for the driver (using simple MMI actions) to select the required mobile radio network manually, whereupon the Cab radio shall attempt to attach to this selected network.",FR,Functional,0.8
319,F0_REQ_00320,The manual network selection function shall not be available when there are on-going voice calls involving the Cab radio.,FR,Functional,0.8
320,F0_REQ_00321,A visual confirmation of the new network identity shall be given to the driver when a manually initiated network change has been completed successfully.,FR,Functional,0.8
321,F0_REQ_00322,The Cab radio should be capable of selecting the mobile radio network as directed by input from an external device (e.g. a balise).,FR,Functional,0.2
322,F0_REQ_00323,"If directed network selection is implemented and voice calls are ongoing at the time when the external device attempts to trigger a network change, an audible and visual indication shall be given to the driver and network change shall be deferred until the call is terminated or until coverage of the current network is lost.",FR,Functional,0.8
323,F0_REQ_00324,"If directed network selection is implemented, input from the external device(s) shall initiate the network change regardless of the identity of the current network and how it was selected.",FR,Functional,0.8
324,F0_REQ_00325,The Cab radio should be capable of selecting the mobile radio network automatically from a list of suitable networks (see section 10.5).,FR,Functional,0.2
325,F0_REQ_00326,"If automatic network selection is implemented, it shall be possible for the driver to activate and deactivate automatic network selection.",FR,Functional,0.8
326,F0_REQ_00327,Automatic network selection shall not be used for international border crossing.,FR,Functional,0.8
327,F0_REQ_00328,"If directed network selection and/or automatic network selection are implemented, the driver shall be informed by means of an audible and visual indication of the new network identity whenever a network change takes place without user intervention.",FR,Functional,0.8
328,F0_REQ_00329,It shall be possible for the driver to register and deregister a train number by entering the train number.,NFR,Performance,1
329,F0_REQ_00330,It shall be possible for the driver to register and deregister a train number by initiating an automated request (applicable only for leading driver).,NFR,Performance,1
330,F0_REQ_00331,"Where the driver is required to enter the train number information, the information entered shall be shown on the display and require confirmation by the driver before further actions are possible.",NFR,Performance,1
331,F0_REQ_00332,"If an automated request is initiated (option 2), the driver shall be able to accept or reject the train number returned by the network.",NFR,Performance,1
332,F0_REQ_00333,"Where ERTMS/ETCS and radio systems are available and the driver is required to enter the train number as part of the initialisation procedure, this task shall be carried out only once on the ERTMS/ETCS system and the entered number transmitted to the radio system.",NFR,Performance,1
333,F0_REQ_00334,The driver shall be warned (by audible and visual indications) if a train with the same train number is already registered on the same network.,NFR,Performance,1
334,F0_REQ_00335,A means to override the currently registered train number shall be provided to the “newly registering” driver.,NFR,Performance,1
335,F0_REQ_00336,The driver of the previously registered train shall be informed (by audible and visual indications) that his train number has been overridden by another driver.,NFR,Performance,1
336,F0_REQ_00337,"Where a change of train number is required during the course of a train's journey, it shall be possible for the driver to initiate the change or override the automatic change, by entering the train number.",NFR,Performance,1
337,F0_REQ_00338,"Non leading drivers shall be able to indicate to the system their location in the train during the registration procedure (2nd driver, 3rd driver etc).",FR,Functional,0.8
338,F0_REQ_00339,The driver's functional number shall be automatically registered/deregistered when the train number is registered/deregistered.,NFR,Performance,1
339,F0_REQ_00340,The functional number of other on-train users who may be addressed through the Cab radio via the on-train bus shall be registered/deregistered automatically at the same time as the registration/deregistration of the driver's functional number.,NFR,Performance,1
340,F0_REQ_00341,"Where an on-train bus is connected to the Cab radio, deregistration of functional numbers can be performed on an individual basis and also by the train driver, by one action for all users (including the driver), at the end of the journey when the train number is no longer associated with the train.",NFR,Performance,0.8
341,F0_REQ_00342,"There shall be a fixed relationship between the telephone numbers of radios installed in the locomotive/coach and the stock number, which shall remain even if the radio is changed.",NFR,Performance,1
342,F0_REQ_00343,It shall be possible to register and deregister a stock number automatically using information from on-board systems.,NFR,Performance,1
343,F0_REQ_00344,It shall be possible to register and deregister a stock number automatically via a fixed interface between the locomotive/coach and the radio.,NFR,Performance,1
344,F0_REQ_00345,The Cab radio shall have a reconfigurable list of stored numbers that may be used to perform abbreviated dialling to named user identities.,NFR,Performance,1
345,F0_REQ_00346,It shall be possible for the driver to find and display stored numbers and their information.,NFR,Performance,1
346,F0_REQ_00347,It should be possible for the driver to store and overwrite numbers and their details in the Cab radio.,NFR,Performance,0.5
347,F0_REQ_00348,General MMI functions are required to support forwarding call to the driver handportable.,FR,Functional,0.5
348,F0_REQ_00349,General MMI functions are required to support putting a call on hold.,FR,Functional,0.5
349,F0_REQ_00350,General MMI functions are required to support displaying incoming call details whilst in an on-going call.,FR,Functional,0.5
350,F0_REQ_00351,General MMI functions are required to support temporarily exiting an existing call to answer another incoming call.,FR,Functional,0.5
351,F0_REQ_00352,General MMI functions are required to support multi-driver call service.,FR,Functional,0.5
352,F0_REQ_00353,It shall be possible to initiate tests of the radio to provide the driver with a reasonable level of certainty that the radio and MMI are working.,FR,Functional,0.8
353,F0_REQ_00354,Such tests shall not prevent calls.,FR,Functional,0.8
354,F0_REQ_00355,The result of the tests shall be displayed in a similar format to the self-test when MMI is powered on.,FR,Functional,0.8
355,F0_REQ_00356,"For data applications, calls shall be possible even if the driver MMI is switched off.",FR,Functional,0.8
356,F0_REQ_00357,The Cab radio shall provide a priority function for calls from different sources in order to handle contention for the radio.,FR,Functional,0.8
357,F0_REQ_00358,Established calls shall be able to be either put on hold or cleared down (pre-empted) to meet other call priorities.,FR,Functional,0.8
358,F0_REQ_00359,The Cab radio shall be capable of handling contention between calls of differing priorities.,FR,Functional,0.8
359,F0_REQ_00360,An outgoing call request of higher priority than an established call shall take precedence over the established call.,FR,Functional,0.8
360,F0_REQ_00361,"Where pre-emption occurs, an advisory indication may be provided to the pre-empted parties.",FR,Functional,0.5
361,F0_REQ_00362,Priority call handling facilities shall be provided such that the performance requirements defined in sections 3.4 and 10.2 can be met.,FR,Functional,0.8
362,F0_REQ_00363,"Upon the request of the driver, the Cab radio should be able to perform a suite of run-time diagnostic tests on all physical interfaces.",FR,Functional,0.2
363,F0_REQ_00364,"If run-time diagnostics are implemented, failure of an interface shall be reported to the driver via the display.",FR,Functional,0.8
364,F0_REQ_00365,"If run-time diagnostics are implemented, all failures should be available to be recorded in a train-borne recorder.",NFR,Reliability,0.2
365,F0_REQ_00366,"If run-time diagnostics are implemented, diagnostic tests shall not interfere with normal operation of the Cab radio.",FR,Functional,0.8
366,F0_REQ_00367,"Train-mounted equipment including the Cab radio terminal equipment, MMI and antenna shall comply with all specifications in section 4.3 and all of those defined in this section.",FR,Functional,0.8
367,F0_REQ_00368,"Cab radios should be able to continue to operate for a period of at least 1 hour in the event of failure of the train's power supply, based on 20% point-to-point calls, 5% group calls, and 75% standby.",FR,Functional,0.5
368,F0_REQ_00369,The driver man-machine interface shall comprise a display.,FR,Functional,0.8
369,F0_REQ_00370,The driver man-machine interface shall comprise a control panel.,FR,Functional,0.8
370,F0_REQ_00371,The driver man-machine interface shall comprise a loudspeaker.,FR,Functional,0.8
371,F0_REQ_00372,The driver man-machine interface shall comprise a handset with Push-To-Talk button.,FR,Functional,0.8
372,F0_REQ_00373,Radio equipment installed in a driver's Cab shall not obstruct the driver's vision or otherwise hinder the safe driving of the train.,FR,Functional,0.8
373,F0_REQ_00374,The design of the equipment shall make it possible to install it within a cab complying with the requirements of UIC fiche 651 concerning the layout of cab equipment5.,FR,Functional,0.8
374,F0_REQ_00375,All call related functions shall be possible with the handset on or off the hook.,FR,Functional,0.8
375,F0_REQ_00376,"The driver shall be able to adjust the brightness of buttons, indicator lights and displays according to the ambient lighting in the cab.",NFR,Performance,1
376,F0_REQ_00377,The driver shall be able to adjust the contrast of the display.,FR,Functional,0.8
377,F0_REQ_00378,The emergency call button shall be red and shall be protected against accidental use.,FR,Functional,0.8
378,F0_REQ_00379,"Any displays shall be clearly readable from a normal driver's position, assuming a normal reading distance.",FR,Functional,0.8
379,F0_REQ_00380,Displayed characters shall have a minimum height of 5mm.,FR,Functional,0.8
380,F0_REQ_00381,"The following colours (red, green) shall only be used where mandated in 5.4.11.",FR,Functional,0.8
381,F0_REQ_00382,The standard set of audible and visual indications specified in the CENELEC Standard for the Driver-Machine Interface for ERTMS shall be implemented in the Cab radio system.,FR,Functional,0.8
382,F0_REQ_00383,"Some Cab radios may need to be operated by staff wearing gloves and controls may need to be suitable for use in a wide range of conditions, e.g. splash proof and suitable for viewing in direct sunlight and in darkness.",FR,Functional,0.5
383,F0_REQ_00384,"Where there is a risk that stored numbers or other set-up details may be accidentally changed, facilities should be provided on the Cab radio in order to prevent this happening.",NFR,Performance,0.5
384,F0_REQ_00385,Cab radios shall provide a means of preventing tampering.,FR,Functional,0.8
385,F0_REQ_00386,"If contact with the mobile radio network is lost, then the Cab radio shall give an audible and visual indication.",FR,Functional,0.8
386,F0_REQ_00387,A driver safety device (DSD) interface should be provided in traction units that are equipped with a DSD in order to support the transmission of a DSD alarm.,FR,Functional,0.2
387,F0_REQ_00388,"If a DSD interface is implemented, it shall be capable of being connected to a device complying with UIC fiche 6413 concerning automatic vigilance devices used in international traffic.",FR,Functional,0.8
388,F0_REQ_00389,The activation of the driver safety device shall automatically trigger the Cab radio to send a data message.,FR,Functional,0.8
389,F0_REQ_00390,The DSD alarm call/message shall provide the train number.,NFR,Performance,1
390,F0_REQ_00391,The DSD alarm call/message shall provide the engine number.,NFR,Performance,1
391,F0_REQ_00392,The DSD alarm call/message should provide location information.,FR,Functional,0.2
392,F0_REQ_00393,DSD alarm information shall be transmitted to the primary controller.,FR,Functional,0.8
393,F0_REQ_00394,Additional information (for DSD alarm) may also be provided if available from external systems.,FR,Functional,0.5
394,F0_REQ_00395,The Cab radio shall be able to provide details of activation of Cab radio emergency call button to a train-borne recorder or other equipment via a standardised interface.,FR,Functional,0.8
395,F0_REQ_00396,The Cab radio shall be able to provide details of receipt of incoming Railway emergency call to a train-borne recorder or other equipment via a standardised interface.,FR,Functional,0.8
396,F0_REQ_00397,The Cab radio shall be able to provide details of termination of outgoing or incoming Railway emergency call to a train-borne recorder or other equipment via a standardised interface.,FR,Functional,0.8
397,F0_REQ_00398,The Cab radio should be able to provide details of radio faults to a train-borne recorder or other equipment via a standardised interface.,FR,Functional,0.2
398,F0_REQ_00399,The Cab radio shall be able to provide details of driver safety device alarm message transmission to a train-borne recorder or other equipment via a standardised interface.,FR,Functional,0.8
399,F0_REQ_00400,The Cab radio shall be able to provide details of confirmation of Railway emergency call to a train-borne recorder or other equipment via a standardised interface.,FR,Functional,0.8
400,F0_REQ_00401,On-train mobiles shall provide a standardised interface to ERTMS/ETCS.,FR,Functional,0.8
401,F0_REQ_00402,Other interfaces may be provided in the Cab radio system.,FR,Functional,0.5
402,F0_REQ_00403,"The General purpose radio shall be capable of use as a standard telephone, such that the user is able to call any valid number subject to call restrictions enforced by the network.",NFR,Performance,1
403,F0_REQ_00404,The facility for a given General purpose radio to send a Railway emergency call (see section 13) shall be determined as a management function.,FR,Functional,0.8
404,F0_REQ_00405,A special MMI action shall be required for a General purpose radio user to send a Railway emergency call.,FR,Functional,0.8
405,F0_REQ_00406,It shall not be possible for any General purpose radio user to send a Railway emergency call by dialling a short code or telephone number.,NFR,Performance,1
406,F0_REQ_00407,An audible and visual indication of an incoming call shall be provided (General purpose radio).,FR,Functional,0.8
407,F0_REQ_00408,"Where available, the functional identity of the calling party shall be displayed (General purpose radio).",FR,Functional,0.8
408,F0_REQ_00409,A short audible and visual indication of the incoming call shall be provided (General purpose radio).,FR,Functional,0.8
409,F0_REQ_00410,The group identity of the voice group call (VBS or VGCS) shall be displayed (General purpose radio).,FR,Functional,0.8
410,F0_REQ_00411,"If the call is a broadcast call, the user shall be informed that he cannot speak as part of the broadcast call (General purpose radio).",FR,Functional,0.8
411,F0_REQ_00412,"If the call is a group call, the user has to request permission to speak during the call by using the Push-To-Talk (PTT) function (General purpose radio).",FR,Functional,0.5
412,F0_REQ_00413,"In a group call, a visual indication shall be provided to remind the user of the need to use the PTT function (General purpose radio).",FR,Functional,0.8
413,F0_REQ_00414,"In a group call, an audible and visual indication of whether the request to talk was successful shall be provided (General purpose radio).",FR,Functional,0.8
414,F0_REQ_00415,The user may then talk whilst the PTT function is used (General purpose radio).,FR,Functional,0.5
415,F0_REQ_00416,"If the user moves out of the group or broadcast call area whilst the call is in progress, an audible and visual indication of the loss of call shall be provided to the user (General purpose radio).",FR,Functional,0.8
416,F0_REQ_00417,Reception of an incoming Railway emergency call (if implemented) shall proceed as for a standard group or broadcast call except that a distinctive audible and visual indication shall be provided (General purpose radio).,FR,Functional,0.8
417,F0_REQ_00418,The radio shall provide a means for the user to terminate calls which he is authorised to terminate (i.e. all calls except broadcast or group calls not initiated by the user) (General purpose radio).,FR,Functional,0.8
418,F0_REQ_00419,The General purpose radio shall have an on/off switch.,FR,Functional,0.8
419,F0_REQ_00420,"Switching the General purpose radio 'on' shall initiate transitory lighting of any display, controls or indicator lights.",FR,Functional,0.8
420,F0_REQ_00421,Switching the General purpose radio 'on' shall initiate automatic self-testing.,FR,Functional,0.8
421,F0_REQ_00422,"If the self-test fails, a visible and audible indication shall be provided (General purpose radio).",FR,Functional,0.8
422,F0_REQ_00423,Switching the General purpose radio 'on' shall initiate connection to a mobile network.,FR,Functional,0.8
423,F0_REQ_00424,"If connection is successful, the name of the network shall be displayed and an audible confirmation of successful connection shall be given (General purpose radio).",FR,Functional,0.8
424,F0_REQ_00425,"If connection is not successful, an audible and visual indication shall be provided (General purpose radio).",FR,Functional,0.8
425,F0_REQ_00426,Switching the General purpose radio off shall cause termination of all calls under the control of (i.e. initiated by) the radio.,FR,Functional,0.8
426,F0_REQ_00427,Switching the General purpose radio off shall cause disconnection of the radio from the network.,FR,Functional,0.8
427,F0_REQ_00428,Switching the General purpose radio off shall cause clearing the display and inhibition of functions.,FR,Functional,0.8
428,F0_REQ_00429,"When switched off, the General purpose radio shall retain any settings and numbers which are stored at the time the radio is switched off.",NFR,Performance,1
429,F0_REQ_00430,Prompts and messages shall be capable of being displayed in at least 10 languages (General purpose radio).,FR,Functional,0.8
430,F0_REQ_00431,The user shall be able to select his preferred language for the display; this setting shall be retained by the General purpose radio.,FR,Functional,0.8
431,F0_REQ_00432,"When the General purpose radio is first powered on, the language that appears on the display shall be the default one set by the national railway.",FR,Functional,0.8
432,F0_REQ_00433,"Where more than one mobile radio network is available for use by a General purpose mobile, the selection of the network to use shall be automatic (see section 10.5).",FR,Functional,0.8
433,F0_REQ_00434,"When the General purpose mobile changes network automatically, a visual and audible indication shall be given.",FR,Functional,0.8
434,F0_REQ_00435,It shall be possible for a General purpose user to override the automatic network selection manually.,FR,Functional,0.8
435,F0_REQ_00436,The manual network selection function shall not be available during calls (General purpose radio).,FR,Functional,0.8
436,F0_REQ_00437,It shall be possible to register a functional number initiated by the user and transmitted to the ground (General purpose radio).,NFR,Performance,1
437,F0_REQ_00438,The user shall enter the functional number which is transmitted to the network (General purpose radio).,NFR,Performance,1
438,F0_REQ_00439,"Where a change of functional number is required, it shall be possible for the user to initiate the change (General purpose radio).",NFR,Performance,1
439,F0_REQ_00440,It shall be possible for the user to find and display stored numbers and their information (General purpose radio).,NFR,Performance,1
440,F0_REQ_00441,It shall be possible for the user to store and/or overwrite numbers and their details in the radio (General purpose radio).,NFR,Performance,1
441,F0_REQ_00442,A standard data interface should be provided to allow a computer to be connected to the General purpose radio.,FR,Functional,0.2
442,F0_REQ_00443,It should be possible for a General purpose user to change the battery without the use of tools.,FR,Functional,0.2
443,F0_REQ_00444,The weight of the General purpose radio including battery should not exceed 250g.,FR,Functional,0.2
444,F0_REQ_00445,"General purpose radios should be equipped with rechargeable batteries capable of providing a minimum of eight hours operation from a single charge based on 20% point-to-point calls, 5% group calls, and 75% standby.",FR,Functional,0.5
445,F0_REQ_00446,Changing the battery should not result in losing data stored in the General purpose radio.,FR,Functional,0.2
446,F0_REQ_00447,The General purpose radio should be suitable for use with a car adapter kit.,FR,Functional,0.2
447,F0_REQ_00448,The General purpose radio MMI should comprise a display.,FR,Functional,0.2
448,F0_REQ_00449,The General purpose radio MMI should comprise a control panel.,FR,Functional,0.2
449,F0_REQ_00450,The General purpose radio MMI should comprise a loudspeaker.,FR,Functional,0.2
450,F0_REQ_00451,The General purpose radio MMI should comprise a microphone.,FR,Functional,0.2
451,F0_REQ_00452,The General purpose radio MMI should be suitable for use both by day and night.,FR,Functional,0.2
452,F0_REQ_00453,The on/off control should be designed to prevent accidental activation/deactivation (General purpose radio).,FR,Functional,0.2
453,F0_REQ_00454,Facilities should be provided to adjust the loudspeaker volume (General purpose radio).,FR,Functional,0.2
454,F0_REQ_00455,A Push-To-Talk function shall be provided (General purpose radio).,FR,Functional,0.8
455,F0_REQ_00456,The Push-To-Talk function does not need to be a dedicated button (General purpose radio).,FR,Functional,0.5
456,F0_REQ_00457,Four buttons should be provided for designated stored numbers (General purpose radio).,NFR,Performance,0.5
457,F0_REQ_00458,Stored numbers and other set-up details should be protected against accidental alteration (General purpose radio).,NFR,Performance,0.5
458,F0_REQ_00459,"If the ability to initiate Railway emergency calls is implemented in the General purpose radio, accidental initiation of a Railway emergency call shall be prevented.",FR,Functional,0.8
459,F0_REQ_00460,A visual and audible indication shall be given when the remaining capacity of the battery is such as to enable only 10 minutes of full duplex call time (General purpose radio).,FR,Functional,0.8
460,F0_REQ_00461,A network service availability indication shall be provided to the user (General purpose radio).,FR,Functional,0.8
461,F0_REQ_00462,A visual indication shall be provided to the user if the network service is no longer available (General purpose radio).,FR,Functional,0.8
462,F0_REQ_00463,An audible indication should be provided to the user if the network service is no longer available (General purpose radio).,FR,Functional,0.2
463,F0_REQ_00464,"The Operational radio shall be capable of use as a standard telephone, such that the user is able to call any valid number subject to call restrictions enforced by the network.",NFR,Performance,1
464,F0_REQ_00465,It shall be possible for the user of an Operational radio to establish a call with the primary controller with a minimum number of actions being required.,NFR,Performance,1
465,F0_REQ_00466,It shall be possible for the user of an Operational radio to establish a call with the secondary controller with a minimum number of actions being required.,NFR,Performance,1
466,F0_REQ_00467,It shall be possible for the user of an Operational radio to establish a call with the power supply controller with a minimum number of actions being required.,NFR,Performance,1
467,F0_REQ_00468,"For some users (Operational radio), particularly for shunting team leaders, up to twenty valid numbers may be stored for one controller type.",NFR,Performance,0.8
468,F0_REQ_00469,"For some users (Operational radio), the identities of the controllers corresponding to these valid numbers shall be displayed with an audible and visual prompt for one to be selected.",NFR,Performance,1
469,F0_REQ_00470,"For some users (Operational radio), the number of the controller selected shall then be used to establish the call.",NFR,Performance,1
470,F0_REQ_00471,"If no selection is made by the user within 10 seconds, the radio shall abandon the call attempt (Operational radio).",NFR,Performance,1
471,F0_REQ_00472,"Once an appropriate number has been obtained (Operational radio), the radio shall attempt to establish a call to this number with railway operation priority.",NFR,Performance,1
472,F0_REQ_00473,An audible and visual indication shall be provided to the user that the call is proceeding (Operational radio).,FR,Functional,0.8
473,F0_REQ_00474,"When the call is connected to the controller, an audible and visual indication shall be provided to the user (Operational radio).",FR,Functional,0.8
474,F0_REQ_00475,"The functional identity of the connected party, if available, shall be displayed to the user (Operational radio).",FR,Functional,0.8
475,F0_REQ_00476,"Where available, an alphanumeric description of the identity of the connected party shall be displayed (Operational radio).",FR,Functional,0.8
476,F0_REQ_00477,"If the system is not able to connect the call, an audible and visual indication shall be provided to the user (Operational radio).",FR,Functional,0.8
477,F0_REQ_00478,The Railway emergency call shall be able to be initiated using a single red button (Operational radio).,FR,Functional,0.8
478,F0_REQ_00479,"It should be possible, as a maintenance function, to enable/disable the emergency call function (Operational radio).",FR,Functional,0.2
479,F0_REQ_00480,"If the emergency call function is disabled, a visual indication and short audible indication shall be given when the radio is switched on (Operational radio).",FR,Functional,0.8
480,F0_REQ_00481,"If the emergency call function is disabled, a visual indication and short audible indication shall be given when the emergency button is pushed (Operational radio).",FR,Functional,0.8
481,F0_REQ_00482,An audible and visual indication of an incoming call shall be provided (Operational radio).,FR,Functional,0.8
482,F0_REQ_00483,"Where available, the functional identity of the calling party shall be displayed (Operational radio).",FR,Functional,0.8
483,F0_REQ_00484,A short audible and visual indication of the incoming call shall be provided (Operational radio).,FR,Functional,0.8
484,F0_REQ_00485,The group identity of the voice group call (VBS or VGCS) shall be displayed (Operational radio).,FR,Functional,0.8
485,F0_REQ_00486,"If the call is a broadcast call, the user shall be informed that he cannot speak as part of the broadcast call (Operational radio).",FR,Functional,0.8
486,F0_REQ_00487,"If the call is a group call, the user has to request permission to speak during the call by using the Push-To-Talk (PTT) function (Operational radio).",FR,Functional,0.5
487,F0_REQ_00488,"In a group call, a visual indication shall be provided to remind the user of the need to use the PTT function (Operational radio).",FR,Functional,0.8
488,F0_REQ_00489,"In a group call, an audible and visual indication of whether the request was successful shall be provided (Operational radio).",FR,Functional,0.8
489,F0_REQ_00490,The user may then talk whilst the PTT function is used (Operational radio).,FR,Functional,0.5
490,F0_REQ_00491,"If the user moves out of the group or broadcast call area whilst the call is in progress, an audible and visual indication of the loss of call shall be provided to the user (Operational radio).",FR,Functional,0.8
491,F0_REQ_00492,Reception of an incoming Railway emergency call shall proceed as for a standard group or broadcast call except that a distinctive audible and visual indication shall be provided (Operational radio).,FR,Functional,0.8
492,F0_REQ_00493,The radio shall provide a means for the user to terminate calls which he is authorised to terminate (i.e. all calls except broadcast or group calls not initiated by the user) (Operational radio).,FR,Functional,0.8
493,F0_REQ_00494,The Operational radio should provide facilities to support shunting mode as described in section 14.,FR,Functional,0.2
494,F0_REQ_00495,"If shunting mode is implemented, a means to enter and leave shunting mode shall be provided (Operational radio).",FR,Functional,0.8
495,F0_REQ_00496,"If shunting mode is implemented, the functionality to enter or leave shunting mode shall not be available whilst there are on-going calls involving the Operational radio.",FR,Functional,0.8
496,F0_REQ_00497,"If shunting mode is implemented, the link assurance tone shall be provided via the loudspeaker (Operational radio).",FR,Functional,0.8
497,F0_REQ_00498,A means to enter/leave the direct mode of operation should be provided (Operational radio).,FR,Functional,0.2
498,F0_REQ_00499,The Operational radio shall have an on/off switch.,FR,Functional,0.8
499,F0_REQ_00500,"Switching the Operational radio 'on' shall initiate transitory lighting of any display, controls or indicator lights.",FR,Functional,0.8
500,F0_REQ_00501,Switching the Operational radio 'on' shall initiate automatic self-testing.,FR,Functional,0.8
501,F0_REQ_00502,"If the self-test fails, a visible and audible indication shall be provided (Operational radio).",FR,Functional,0.8
502,F0_REQ_00503,Switching the Operational radio 'on' shall initiate connection to a mobile network.,FR,Functional,0.8
503,F0_REQ_00504,"If connection is successful, the name of the network shall be displayed and an audible confirmation of successful connection shall be given (Operational radio).",FR,Functional,0.8
504,F0_REQ_00505,"If connection is not successful, an audible and visual indication shall be provided (Operational radio).",FR,Functional,0.8
505,F0_REQ_00506,Switching the Operational radio off shall cause termination of all calls under the control of (i.e. initiated by) the radio.,FR,Functional,0.8
506,F0_REQ_00507,Switching the Operational radio off shall cause disconnection of the radio from the network.,FR,Functional,0.8
507,F0_REQ_00508,Switching the Operational radio off shall cause clearing the display and inhibition of functions.,FR,Functional,0.8
508,F0_REQ_00509,"When switched off, the Operational radio shall retain any settings and numbers which are stored at the time the radio is switched off.",NFR,Performance,1
509,F0_REQ_00510,Prompts and messages shall be capable of being displayed in at least 10 languages (Operational radio).,FR,Functional,0.8
510,F0_REQ_00511,The user shall be able to select his preferred language for the display; this setting shall be retained by the Operational radio.,FR,Functional,0.8
511,F0_REQ_00512,"When the Operational radio is first powered on, the language that appears on the display shall be the default one set by the national railway.",FR,Functional,0.8
512,F0_REQ_00513,"Where more than one mobile radio network is available for use by an Operational mobile, the selection of the network to use shall be automatic (see section 10.5).",FR,Functional,0.8
513,F0_REQ_00514,"When the Operational mobile changes network automatically, a visual and audible indication shall be given.",FR,Functional,0.8
514,F0_REQ_00515,It shall be possible for an Operational user to override the automatic network selection manually.,FR,Functional,0.8
515,F0_REQ_00516,The manual network selection function shall not be available during calls (Operational radio).,FR,Functional,0.8
516,F0_REQ_00517,It shall be possible to register a functional number initiated by the user and transmitted to the ground (Operational radio).,NFR,Performance,1
517,F0_REQ_00518,The user shall enter the functional number which is transmitted to the network (Operational radio).,NFR,Performance,1
518,F0_REQ_00519,"Where a change of functional number is required, it shall be possible for the user to initiate the change (Operational radio).",NFR,Performance,1
519,F0_REQ_00520,It shall be possible for the user to find and display stored numbers and their information (Operational radio).,NFR,Performance,1
520,F0_REQ_00521,It shall be possible for the user to store and/or overwrite numbers and their details in the radio (Operational radio).,NFR,Performance,1
521,F0_REQ_00522,A standard data interface should be provided to allow a computer to be connected to the Operational radio.,FR,Functional,0.2
522,F0_REQ_00523,The Operational radio should be capable of withstanding exposure to salt mist spray.,FR,Functional,0.2
523,F0_REQ_00524,The Operational radio should be capable of withstanding exposure to torrential rain at up to 2mm/min.,FR,Functional,0.2
524,F0_REQ_00525,The Operational radio should be capable of withstanding exposure to heavy hail.,FR,Functional,0.2
525,F0_REQ_00526,The Operational radio should be capable of withstanding exposure to snow and sand storms.,FR,Functional,0.2
526,F0_REQ_00527,The Operational radio should be capable of withstanding exposure to accretion of ice.,FR,Functional,0.2
527,F0_REQ_00528,"The Operational radio should be capable of withstanding exposure to corrosive atmospheres (including sulphur dioxide, hydrogen sulphide, nitrogen oxides, ozone, organic hydrocarbons).",FR,Functional,0.2
528,F0_REQ_00529,The Operational radio shall be of a rugged design suitable for use in the railway environment by operational railway personnel.,FR,Functional,0.8
529,F0_REQ_00530,The Operational radio should have a carry feature that allows the operator to instantly have both hands free without dropping the radio.,FR,Functional,0.2
530,F0_REQ_00531,It should be possible to release the carry feature instantly in the event that the radio is caught on a projecting part of a moving vehicle.,FR,Functional,0.2
531,F0_REQ_00532,Controls shall be designed such that they are suitable for use by people wearing gloves (Operational radio).,FR,Functional,0.8
532,F0_REQ_00533,"Controls shall be designed for use in a wide range of conditions, e.g. splash proof and suitable for viewing in direct sunlight and in darkness (Operational radio).",FR,Functional,0.8
533,F0_REQ_00534,It should be possible for an Operational radio user to change the battery without the use of tools.,FR,Functional,0.2
534,F0_REQ_00535,The weight of the Operational radio including battery should not exceed 800g.,FR,Functional,0.2
535,F0_REQ_00536,It shall be possible to change the battery without losing data stored in the Operational radio.,FR,Functional,0.8
536,F0_REQ_00537,"Operational radios shall be equipped with rechargeable batteries capable of providing a minimum of eight hours operation from a single charge based on 20% point-to-point calls, 60% group calls, and 20% standby.",FR,Functional,1
537,F0_REQ_00538,The Operational radio should be suitable for use with a car adapter kit.,FR,Functional,0.2
538,F0_REQ_00539,The Operational radio MMI shall comprise a display.,FR,Functional,0.8
539,F0_REQ_00540,The Operational radio MMI shall comprise a control panel.,FR,Functional,0.8
540,F0_REQ_00541,The Operational radio MMI shall comprise a loudspeaker.,FR,Functional,0.8
541,F0_REQ_00542,The Operational radio MMI shall comprise a microphone.,FR,Functional,0.8
542,F0_REQ_00543,The Operational radio MMI shall be suitable for use by day and night.,FR,Functional,0.8
543,F0_REQ_00544,"The display shall be capable of displaying at least 6 lines, each of 20 characters (Operational radio).",FR,Functional,0.8
544,F0_REQ_00545,Four buttons should be provided for designated stored numbers (Operational radio).,NFR,Performance,0.5
545,F0_REQ_00546,The emergency button shall be designed to avoid accidental use (Operational radio).,FR,Functional,0.8
546,F0_REQ_00547,"If shunting mode is implemented, the link assurance button shall be designed to avoid accidental use (Operational radio).",FR,Functional,0.8
547,F0_REQ_00548,A dedicated Push-To-Talk button shall be provided (Operational radio).,FR,Functional,0.8
548,F0_REQ_00549,A visual and audible alarm shall be given when the remaining capacity of the battery is such as to enable only 10 minutes of full duplex call time (Operational radio).,FR,Functional,0.8
549,F0_REQ_00550,A visual indication shall be provided to the user if the network service is no longer available (Operational radio).,FR,Functional,0.8
550,F0_REQ_00551,An audible indication should be provided to the user if the network service is no longer available (Operational radio).,FR,Functional,0.2
551,F0_REQ_00552,The primary controller's MMI should queue all incoming calls or call requests.,FR,Functional,0.2
552,F0_REQ_00553,"The primary controller's MMI should display the queue to the controller, showing the functional identity and priority of callers.",FR,Functional,0.2
553,F0_REQ_00554,High priority calls should be identified and presented at the top of the queue on the primary controller's MMI.,FR,Functional,0.2
554,F0_REQ_00555,The primary controller's MMI should allow the controller to select any of the incoming calls currently queued by the system.,FR,Functional,0.2
555,F0_REQ_00556,"The primary controller's MMI should allow the controller to establish a call of Railway emergency, public emergency or railway operation priority to any mobile by selection from the display.",FR,Functional,0.2
556,F0_REQ_00557,"The primary controller's MMI should allow the controller to establish, close, enter and leave group calls (at Railway emergency, public emergency or railway operation priority).",FR,Functional,0.2
557,F0_REQ_00558,The primary controller's MMI should allow sending and receiving of text messages.,FR,Functional,0.2
558,F0_REQ_00559,"For post incident analysis, the controller equipment should provide the possibility to record all operational speech and data calls.",FR,Functional,0.2
559,F0_REQ_00560,It should be possible for calls to be answered automatically according to incoming call priority as defined in section 10.2.,FR,Functional,0.2
560,F0_REQ_00561,The EIRENE system shall enable users to originate and receive calls by functional number.,NFR,Performance,1
561,F0_REQ_00562,Each mobile shall be identified by a unique telephone number.,NFR,Performance,1
562,F0_REQ_00563,Every on-train function shall be identified by a unique standard number.,NFR,Performance,1
563,F0_REQ_00564,Every on-engine/coach function shall be identified by a unique standard number.,NFR,Performance,1
564,F0_REQ_00565,Every shunting team number shall be based on an association of a service area identifier and a shunting team identifier.,FR,Functional,1
565,F0_REQ_00566,Every maintenance team number shall be based on an association of a service area identifier.,FR,Functional,1
566,F0_REQ_00567,Every maintenance team number shall be based on an association of a type of maintenance team (speciality code).,FR,Functional,1
567,F0_REQ_00568,Every maintenance team number shall be based on an association of a maintenance team identifier.,FR,Functional,1
568,F0_REQ_00569,Every controller number shall be based on an association of a controller location.,FR,Functional,1
569,F0_REQ_00570,Every controller number shall be based on an association of a controller identifier.,FR,Functional,1
570,F0_REQ_00571,The numbering for other teams shall be treated in the same way as maintenance teams in 9.2.4.2.,NFR,Performance,1
571,F0_REQ_00572,Group call service areas shall be freely configurable within the operational responsibility of each railway network.,FR,Functional,0.8
572,F0_REQ_00573,"Telephone numbers can be defined on a national basis, but codes for certain functions shall be used on an international basis in order to allow interoperability.",NFR,Performance,1
573,F0_REQ_00574,Standardised telephone numbers shall be implemented for routing calls to the most appropriate ERTMS/ETCS RBC.,NFR,Performance,1
574,F0_REQ_00575,Standardised telephone numbers shall be implemented for Railway emergency calls.,NFR,Performance,1
575,F0_REQ_00576,Standardised telephone numbers shall be implemented for routing calls to the primary controller.,NFR,Performance,1
576,F0_REQ_00577,Standardised telephone numbers shall be implemented for routing calls to the secondary controller.,NFR,Performance,1
577,F0_REQ_00578,Standardised telephone numbers shall be implemented for routing calls to the power supply controller.,NFR,Performance,1
578,F0_REQ_00579,Standardised telephone numbers shall be implemented for Public emergency calls.,NFR,Performance,1
579,F0_REQ_00580,"In network boundary areas, the pre-defined local area shall be allocated on a bilateral basis.",FR,Functional,0.8
580,F0_REQ_00581,Authorised users within the EIRENE network shall be able to receive calls from calling parties outside the EIRENE network.,FR,Functional,0.8
581,F0_REQ_00582,"Five levels of priority shall be defined: Railway emergency, control-command (safety), public emergency and group calls between drivers in the same area, railway operation, railway information.",FR,Functional,0.8
582,F0_REQ_00583,"In order to provide interoperability, priorities shall be allocated consistently across all EIRENE networks, as shown in the following table.",FR,Functional,0.8
583,F0_REQ_00584,Railway emergency calls shall have automatic answering.,FR,Functional,0.8
584,F0_REQ_00585,Railway emergency calls shall pre-empt Control-command (safety) and below.,FR,Functional,0.8
585,F0_REQ_00586,Control-command (safety) calls shall have automatic answering.,FR,Functional,0.8
586,F0_REQ_00587,"Control-command (safety) calls shall pre-empt Public emergency, group calls between drivers in the same area and below.",FR,Functional,0.8
587,F0_REQ_00588,Public emergency and group calls between drivers in the same area shall have automatic answering.,FR,Functional,0.8
588,F0_REQ_00589,"Public emergency and group calls between drivers in the same area shall pre-empt Railway operation, Control-command information and below.",FR,Functional,0.8
589,F0_REQ_00590,Automatic answering for Railway operation (e.g. calls from or for drivers and controllers) and Control-command information calls shall be mandatory for Cab radio.,FR,Functional,0.8
590,F0_REQ_00591,Automatic answering for Railway operation (e.g. calls from or for drivers and controllers) and Control-command information calls should be optional for other user equipment.,FR,Functional,0.2
591,F0_REQ_00592,Railway operation calls shall pre-empt Railway information and below.,FR,Functional,0.8
592,F0_REQ_00593,Railway information and all other calls shall not have automatic answering.,FR,Functional,0.8
593,F0_REQ_00594,The lowest priority ongoing call shall be pre-empted before that of a higher priority.,FR,Functional,0.8
594,F0_REQ_00595,Various types of call restriction may be employed by the railways as an additional security measure.,NFR,Security,0.5
595,F0_REQ_00596,Any implementation of such call restrictions shall not affect international interoperability.,FR,Functional,0.8
596,F0_REQ_00597,A mobile may be a member of a number of groups.,NFR,Performance,0.8
597,F0_REQ_00598,It shall be possible to ‘activate' or ‘deactivate' the mobile's subscription to these groups.,FR,Functional,0.8
598,F0_REQ_00599,Activating a group on the mobile shall allow a user to receive a call from that group.,FR,Functional,0.8
599,F0_REQ_00600,Deactivating a group on the mobile shall prevent a user receiving calls from that group.,FR,Functional,0.8
600,F0_REQ_00601,Cab radios will be members of the Railway emergency call standard group.,NFR,Performance,0.8
601,F0_REQ_00602,Cab radios will be members of the 'all train drivers' standard group.,NFR,Performance,0.8
602,F0_REQ_00603,Cab radios will be members of the shunting team standard group.,NFR,Performance,0.8
603,F0_REQ_00604,Cab radios should be members of the trackside worker standard group.,NFR,Performance,0.5
604,F0_REQ_00605,All mobiles with Railway emergency group call subscription(s) shall be prevented from deactivating the emergency group(s) whilst operational.,FR,Functional,0.8
605,F0_REQ_00606,"Authorised networks shall be listed (or automatically selected if automatic selection has been enabled) in the following order: home EIRENE network, 'foreign' EIRENE networks, public networks.",FR,Functional,0.8
606,F0_REQ_00607,"Where EIRENE facilities are not available within the currently selected network, the user shall be given a visible indication.",FR,Functional,0.8
607,F0_REQ_00608,The access matrix defines which subscribers are able to contact which other subscribers within the EIRENE network.,FR,Functional,0.5
608,F0_REQ_00609,The network shall allow a call from a Primary Controller to a Lead Driver.,FR,Functional,0.8
609,F0_REQ_00610,The network should allow a call from a Primary Controller to an Other Driver.,FR,Functional,0.2
610,F0_REQ_00611,The network should allow a call from a Primary Controller to a Chief Conductor.,FR,Functional,0.2
611,F0_REQ_00612,The network should allow a call from a Primary Controller to Public Address.,FR,Functional,0.2
612,F0_REQ_00613,The network shall allow a call from a Secondary Controller to a Lead Driver.,FR,Functional,0.8
613,F0_REQ_00614,The network should allow a call from a Secondary Controller to an Other Driver.,FR,Functional,0.2
614,F0_REQ_00615,The network should allow a call from a Secondary Controller to a Chief Conductor.,FR,Functional,0.2
615,F0_REQ_00616,The network should allow a call from a Secondary Controller to Public Address.,FR,Functional,0.2
616,F0_REQ_00617,The network shall allow a call from a Power Controller to a Lead Driver.,FR,Functional,0.8
617,F0_REQ_00618,The network should allow a call from a Power Controller to an Other Driver.,FR,Functional,0.2
618,F0_REQ_00619,The network should allow a call from a Power Controller to a Chief Conductor.,FR,Functional,0.2
619,F0_REQ_00620,The network should allow a call from a Power Controller to Public Address.,FR,Functional,0.2
620,F0_REQ_00621,The network shall allow a call from a Lead Driver to a Primary Controller.,FR,Functional,0.8
621,F0_REQ_00622,The network shall allow a call from a Lead Driver to a Secondary Controller.,FR,Functional,0.8
622,F0_REQ_00623,The network shall allow a call from a Lead Driver to a Power Controller.,FR,Functional,0.8
623,F0_REQ_00624,"The network shall allow a call from a Lead Driver to an Other Driver, at least for persons on the same train.",FR,Functional,0.8
624,F0_REQ_00625,"The network shall allow a call from a Lead Driver to a Chief Conductor, at least for persons on the same train.",FR,Functional,0.8
625,F0_REQ_00626,"The network shall allow a call from a Lead Driver to Public Address, at least for persons on the same train.",FR,Functional,0.8
626,F0_REQ_00627,The network shall allow a call from an Other Driver to a Primary Controller.,FR,Functional,0.8
627,F0_REQ_00628,The network shall allow a call from an Other Driver to a Secondary Controller.,FR,Functional,0.8
628,F0_REQ_00629,The network shall allow a call from an Other Driver to a Power Controller.,FR,Functional,0.8
629,F0_REQ_00630,"The network shall allow a call from an Other Driver to a Lead Driver, at least for persons on the same train.",FR,Functional,0.8
630,F0_REQ_00631,"The network shall allow a call from an Other Driver to a Chief Conductor, at least for persons on the same train.",FR,Functional,0.8
631,F0_REQ_00632,"The network shall allow a call from an Other Driver to Public Address, at least for persons on the same train.",FR,Functional,0.8
632,F0_REQ_00633,The network should allow a call from a Chief Conductor to a Primary Controller.,FR,Functional,0.2
633,F0_REQ_00634,The network should allow a call from a Chief Conductor to a Secondary Controller.,FR,Functional,0.2
634,F0_REQ_00635,The network should allow a call from a Chief Conductor to a Power Controller.,FR,Functional,0.2
635,F0_REQ_00636,"The network shall allow a call from a Chief Conductor to a Lead Driver, at least for persons on the same train.",FR,Functional,0.8
636,F0_REQ_00637,"The network shall allow a call from a Chief Conductor to an Other Driver, at least for persons on the same train.",FR,Functional,0.8
637,F0_REQ_00638,"The network shall allow a call from a Chief Conductor to Public Address, at least for persons on the same train.",FR,Functional,0.8
638,F0_REQ_00639,"If required, a railway may make additional restrictions to the access matrix.",FR,Functional,0.5
639,F0_REQ_00640,An addressing scheme shall be provided which permits users to be identified by numbers corresponding to their functional roles rather than by numbers tied to the terminal equipment that they are using.,NFR,Performance,1
640,F0_REQ_00641,It shall be possible to assign up to a minimum of 3 functional numbers to an EIRENE user at any one time.,NFR,Performance,1
641,F0_REQ_00642,Only one EIRENE user shall be assigned to a given functional number at any one time.,NFR,Performance,1
642,F0_REQ_00643,"A user shall be able to set up a functional number on one network, and cancel the number from another network.",NFR,Performance,1
643,F0_REQ_00644,The functional number shall remain valid as a user roams from one network to another.,NFR,Performance,1
644,F0_REQ_00645,The functional addressing scheme shall be independent of specific configurations of mobile and terminal equipment.,FR,Functional,0.8
645,F0_REQ_00646,It shall be possible to call EIRENE users by functional numbers from a wide range of terminals (EIRENE and non-EIRENE).,NFR,Performance,1
646,F0_REQ_00647,The functional addressing scheme should permit calls to be routed from a controller to an international train within the control area without reference to any EIRENE system other than that providing service to the international train.,FR,Functional,0.2
647,F0_REQ_00648,Functional numbers must be unique within the domain of operation.,NFR,Performance,0.8
648,F0_REQ_00649,Each functional number must be unique across all networks (including implementation of EIRENE facilities on public networks).,NFR,Performance,0.8
649,F0_REQ_00650,The functional number shall consist of numeric characters only.,NFR,Performance,1
650,F0_REQ_00651,The functional identity of the called user shall be presented to the user initiating a call and the functional identity of the initiator shall be presented to the user receiving a call.,FR,Functional,0.8
651,F0_REQ_00652,"For broadcast and group voice communications, the functional identity provided shall be that of the broadcast or group identity.",FR,Functional,0.8
652,F0_REQ_00653,"If the user initiating the call has more than one functional identity, the user shall be able to select, prior to call establishment, which functional identity is presented to the receiving user.",FR,Functional,0.8
653,F0_REQ_00654,"In the case of Cab radio, when a train number is assigned as a functional identity, this shall take priority over other Cab radio functional identities, and shall be the functional identity for the Cab radio to be displayed to other users.",NFR,Performance,1
654,F0_REQ_00655,The functional identity shall be presented to the user in a form which can be readily understood (e.g. 'driver of train abcd' rather than 'abcd01' or 'xyz shunting team 3' rather than 'xyz03′).,FR,Functional,0.8
655,F0_REQ_00656,The functional addressing scheme shall be supported by a straightforward procedure for registration of functional numbers.,NFR,Performance,1
656,F0_REQ_00657,This procedure shall be carried out by the user on commencement of the functional role.,FR,Functional,0.8
657,F0_REQ_00658,The functional number registration facility shall be supported by all EIRENE user equipment.,NFR,Performance,1
658,F0_REQ_00659,It should be possible for the system to prevent certain types of users from registering train numbers that they are not authorised to use.,NFR,Performance,0.5
659,F0_REQ_00660,It should be possible for the system to prevent certain types of users from registering driver of train functional numbers that they are not authorised to use.,NFR,Performance,0.5
660,F0_REQ_00661,It should be possible for the system to prevent certain types of users from registering shunting team leader functional numbers that they are not authorised to use.,NFR,Performance,0.5
661,F0_REQ_00662,It shall be possible to register up to ten functional numbers to items of equipment physically connected to the Cab radio within 30 seconds.,NFR,Performance,1
662,F0_REQ_00663,The registration procedure shall provide a means to prevent mis-allocation of functional numbers during registration.,NFR,Performance,1
663,F0_REQ_00664,Duplicate functional numbers (e.g. two trains with the same train number) shall be prevented.,NFR,Performance,1
664,F0_REQ_00665,The system shall provide a means to recover consistent data sets following a system failure during which functional addressing facilities are lost.,FR,Functional,0.8
665,F0_REQ_00666,"During the recovery period after a system failure, the system shall not permit the use of unverified functional numbers.",NFR,Performance,1
666,F0_REQ_00667,The functional addressing scheme shall be supported by a straightforward procedure for deregistration of functional numbers.,NFR,Performance,1
667,F0_REQ_00668,This procedure shall be carried out by the user at the end of the functional role.,FR,Functional,0.8
668,F0_REQ_00669,The functional number deregistration facility shall be supported by all EIRENE user equipment.,NFR,Performance,1
669,F0_REQ_00670,It shall be possible to deregister up to ten functional numbers to items of equipment physically connected to the Cab radio within 30 seconds.,NFR,Performance,1
670,F0_REQ_00671,A given set of users shall be allowed to deregister a functional number which is no longer valid but which has not been deregistered by the user.,NFR,Performance,1
671,F0_REQ_00672,"A given set of users shall be allowed to deregister, by overriding, another user of the same type (e.g. a driver can deregister a train number that another driver has forgotten to deregister).",NFR,Performance,1
672,F0_REQ_00673,"A given set of users shall be allowed to deregister, with one action, all functional numbers associated with the same mobile (e.g. the driver deregisters all functions at the end of the journey).",NFR,Performance,1
673,F0_REQ_00674,An EIRENE mobile shall remove the displayed functional number and provide an indication to the user that deregistration has taken place.,NFR,Performance,1
674,F0_REQ_00675,"To allow roaming between EIRENE networks, the system shall support a procedure for the re-registration of functional numbers after selection of a new network.",NFR,Performance,1
675,F0_REQ_00676,This re-registration procedure shall be carried out without manual intervention.,FR,Functional,0.8
676,F0_REQ_00677,"After automatic re-registration is performed, the new registration details shall be displayed to the user.",FR,Functional,0.8
677,F0_REQ_00678,Location dependent addressing shall be provided to route calls for a given function to a destination number that is dependent upon the user's location.,NFR,Performance,1
678,F0_REQ_00679,Calls shall be routed based upon the location of the mobile for the Primary controller function.,FR,Functional,0.8
679,F0_REQ_00680,Calls shall be routed based upon the location of the mobile for the Secondary controller function.,FR,Functional,0.8
680,F0_REQ_00681,Calls shall be routed based upon the location of the mobile for the Power supply controller function.,FR,Functional,0.8
681,F0_REQ_00682,"Calls shall be routed based upon the location of the mobile for the Train management centre (e.g. RBC, CTS) function.",FR,Functional,0.8
682,F0_REQ_00683,The correspondence between the locations and the destination of the call shall be easily re-configurable to support dynamic changes in controller area boundaries.,FR,Functional,0.8
683,F0_REQ_00684,"When operating with location dependent addressing, no manual action shall be required to update the system when a mobile moves between locations.",FR,Functional,0.8
684,F0_REQ_00685,The location dependent addressing scheme shall be available to all mobiles.,FR,Functional,0.8
685,F0_REQ_00686,"As a minimum, the location information used by the EIRENE system shall be derived from that available from the network itself (e.g. current cell or base station serving the mobile).",FR,Functional,0.8
686,F0_REQ_00687,"Where greater accuracy for location dependent addressing is required, additional location information may be provided by ground-based signalling systems external to EIRENE.",FR,Functional,0.5
687,F0_REQ_00688,"Where greater accuracy for location dependent addressing is required, additional location information may be provided by on-train systems (e.g. ERTMS/ETCS equipment, balise readers, GPS etc) external to EIRENE.",FR,Functional,0.5
688,F0_REQ_00689,It should be possible to transfer text messages between ground and mobile(s) through the EIRENE system.,FR,Functional,0.2
689,F0_REQ_00690,"In order to ensure interoperability, the text message service is mandatory for the Cab radio.",FR,Functional,0.5
690,F0_REQ_00691,"In order to ensure interoperability, the text message service is optional for the ground.",FR,Functional,0.5
691,F0_REQ_00692,The maximum length of a message segment shall be 96 characters.,FR,Functional,0.8
692,F0_REQ_00693,A message can include several segments.,FR,Functional,0.5
693,F0_REQ_00694,The transfer time for each message segment should be less than 30 seconds for 95% of messages.,NFR,Performance,0.5
694,F0_REQ_00695,The text message facility shall not interfere with the ability of users to use the radio.,FR,Functional,0.8
695,F0_REQ_00696,A standard data interface between the mobile and the application module shall be provided.,FR,Functional,0.8
696,F0_REQ_00697,"The type of Railway emergency call initiated shall be determined automatically, based upon the mode of operation of the radio.",FR,Functional,0.8
697,F0_REQ_00698,"If the mobile is in shunting mode, the emergency call button shall initiate a shunting emergency call.",FR,Functional,0.8
698,F0_REQ_00699,"If the mobile is not in shunting mode, the emergency call shall be a Train emergency call.",FR,Functional,0.8
699,F0_REQ_00700,"The Train emergency call shall be sent to all drivers and controller(s) within an area, which is pre-defined to meet operational requirements.",FR,Functional,0.8
700,F0_REQ_00701,"The predefined areas for emergency calls shall include, where necessary, parts of one or more network(s).",FR,Functional,0.8
701,F0_REQ_00702,The appropriate ERTMS/ETCS RBC should be informed when a Train emergency call is initiated.,FR,Functional,0.2
702,F0_REQ_00703,The Shunting emergency call shall be sent to all users involved in shunting operations in the shunting area.,FR,Functional,0.8
703,F0_REQ_00704,The Shunting emergency call shall automatically take priority over the link assurance signal.,FR,Functional,0.8
704,F0_REQ_00705,A Railway emergency call shall be able to be initiated by using a simple MMI action (e.g. a single MMI action for the Cab and Operational radios).,FR,Functional,0.8
705,F0_REQ_00706,A connection of Railway emergency priority (see section 10.2) shall be established to a pre-determined set of receiving mobiles and controller(s).,FR,Functional,0.8
706,F0_REQ_00707,"If the system is not able to connect the call, the system shall automatically keep trying to connect the call for 30 seconds.",NFR,Performance,1
707,F0_REQ_00708,"During the 30-second connection attempt period, the user shall be provided with an audible and visual indication that the system is trying to connect the call.",FR,Functional,0.8
708,F0_REQ_00709,"After the 30-second period, if the connection was unsuccessful, the system shall provide another audible and visual indication that it was unable to connect the call.",FR,Functional,0.8
709,F0_REQ_00710,An audible indication of 5 seconds (to be confirmed by trials) shall be provided to originating and receiving users that the emergency function has been activated.,NFR,Performance,1
710,F0_REQ_00711,Different indications at the originating and receiving terminal may be provided (for emergency activation).,FR,Functional,0.5
711,F0_REQ_00712,A continuous visual indication that the emergency function has been activated shall be provided at the originating and all receiving terminals.,FR,Functional,0.8
712,F0_REQ_00713,"In the event that a train enters the affected area after the warning stage is complete, the same audible and visual indications shall be provided.",FR,Functional,0.8
713,F0_REQ_00714,"A speech connection shall be established immediately following the warning tone, to allow the originator of the emergency call to give information concerning the nature of the emergency.",FR,Functional,0.8
714,F0_REQ_00715,Speech should be possible to allow a controller receiving the warning tone to give information.,FR,Functional,0.2
715,F0_REQ_00716,"Additionally, speech should be possible to allow other mobile users receiving the warning tone to give information.",FR,Functional,0.2
716,F0_REQ_00717,The information shall be received by the same set of users who received the warning tone.,FR,Functional,0.8
717,F0_REQ_00718,A Railway emergency call may only be terminated by the originator of the call.,FR,Functional,0.5
718,F0_REQ_00719,A Railway emergency call may only be terminated by a controller participating in the call.,FR,Functional,0.5
719,F0_REQ_00720,A Railway emergency call may only be terminated by the network following a (nationally determined) period of no speech.,FR,Functional,0.5
720,F0_REQ_00721,"If the radio moves out of the area whilst the emergency call is in progress, an audible and visual indication of the loss of the call shall be provided to the user.",FR,Functional,0.8
721,F0_REQ_00722,Authorised EIRENE mobiles shall be able to receive a Railway emergency call at any time while the mobile is powered up.,FR,Functional,0.8
722,F0_REQ_00723,"For Railway emergency calls initiated by a mobile, the controller's display will indicate location.",FR,Functional,0.5
723,F0_REQ_00724,"For Railway emergency calls initiated by a mobile, the controller's display will indicate the functional identity of the originating mobile, including the train number, if available.",NFR,Performance,0.8
724,F0_REQ_00725,"For Railway emergency calls initiated by a mobile, the controller's display will indicate the functional identity of the originating mobile, including the engine number, if no train number is available.",NFR,Performance,0.8
725,F0_REQ_00726,"For Railway emergency calls initiated by a mobile, the controller's display will indicate the functional identity of the originating mobile, including the coach number of the leading cab, if neither a train number nor an engine number is available.",NFR,Performance,0.8
726,F0_REQ_00727,The confirmation message (of Railway emergency calls) shall be generated automatically without input from the user.,FR,Functional,0.8
727,F0_REQ_00728,The confirmation message shall commence at the end of the call or if the radio moves out of the call area.,FR,Functional,0.8
728,F0_REQ_00729,"If the radio loses contact with the network, the mechanism (for confirmation message) shall commence as soon as possible on regaining communications, for up to a maximum of 5 minutes without achieving contact.",FR,Functional,0.8
729,F0_REQ_00730,"For Railway emergency calls initiated by a mobile, the automatic confirmation message of the initiating mobile shall contain the time at call establishment.",FR,Functional,0.8
730,F0_REQ_00731,"For Railway emergency calls initiated by a mobile, the automatic confirmation message of the initiating mobile shall contain the time at clear down.",FR,Functional,0.8
731,F0_REQ_00732,"For Railway emergency calls initiated by a mobile, the automatic confirmation message of the initiating mobile shall contain the functional number of the call originator.",NFR,Performance,1
732,F0_REQ_00733,"For Railway emergency calls initiated by a mobile, the automatic confirmation message of the initiating mobile shall contain the train number and engine number of the call originator, if a train.",NFR,Performance,1
733,F0_REQ_00734,"For Railway emergency calls received by a mobile, the automatic confirmation message of the receiving mobile shall contain the time at which the call was first received.",FR,Functional,0.8
734,F0_REQ_00735,"For Railway emergency calls received by a mobile, the automatic confirmation message of the receiving mobile shall contain the time at which the call was lost (or terminated).",FR,Functional,0.8
735,F0_REQ_00736,"For Railway emergency calls received by a mobile, the automatic confirmation message of the receiving mobile shall contain the group identity of the sender.",FR,Functional,0.8
736,F0_REQ_00737,"For Railway emergency calls received by a mobile, the automatic confirmation message of the receiving mobile shall contain the functional number of the recipient.",NFR,Performance,1
737,F0_REQ_00738,"For Railway emergency calls received by a mobile, the automatic confirmation message of the receiving mobile shall contain the train number and engine number of the recipient, if a train.",NFR,Performance,1
738,F0_REQ_00739,The confirmation message shall be received at the central location with a 99% probability of success within 5 minutes of call termination.,FR,Functional,1
739,F0_REQ_00740,The performance of the confirmation procedure shall not be dependent upon the current use of the mobile and shall not overload the network.,FR,Functional,0.8
740,F0_REQ_00741,The shunting call shall be a group call and shall have ‘Railway operation' priority (see section 10.2).,FR,Functional,0.8
741,F0_REQ_00742,"Throughout the duration of the shunting group call, it shall be possible for any member of the shunting group to speak to all other members of the group, using the PTT function (as described in sections 5.2.2.53, 6.2.2.12 and 7.2.2.20), except during transmission of the link assurance signal.",NFR,Performance,1
742,F0_REQ_00743,"During the transmission of the link assurance signal, only the originator of the link assurance signal shall be able to speak to all other members using the PTT function.",NFR,Performance,1
743,F0_REQ_00744,The shunting communication shall be protected from unintentional and unauthorised access.,FR,Functional,0.8
744,F0_REQ_00745,It shall be possible for all mobile members of the shunting group (except the driver) to transmit a link assurance signal.,NFR,Performance,1
745,F0_REQ_00746,"Within the shunting group, it shall be possible for only one member of the group to transmit the link assurance signal at any time.",NFR,Performance,1
746,F0_REQ_00747,Operational radios used for shunting shall enable the link assurance signal to be activated and de-activated by the shunting group member.,NFR,Performance,1
747,F0_REQ_00748,The link assurance signal should be used to reassure the driver of the integrity of the member at the head of the shunting movement.,NFR,Performance,0.5
748,F0_REQ_00749,Operational radios used for shunting shall be able to be switched between operating Mode 1 by a maintenance function.,FR,Functional,0.8
749,F0_REQ_00750,"In Mode 1, the member is required to continuously press the link assurance signal button in order to transmit the link assurance signal.",NFR,Performance,0.8
750,F0_REQ_00751,Operational radios used for shunting shall be able to be switched between operating Mode 2 by a maintenance function.,FR,Functional,0.8
751,F0_REQ_00752,"In Mode 2, the member is required to switch on the link assurance signal and then periodically press a button in order to transmit the link assurance signal.",NFR,Performance,0.8
752,F0_REQ_00753,"In Mode 2, failure to periodically press the button shall result in the deactivation of the link assurance signal after a predefined period has elapsed.",FR,Functional,0.8
753,F0_REQ_00754,The link assurance signal shall be used to provide an audible indication to all group members.,NFR,Performance,1
754,F0_REQ_00755,"For the driver, the link assurance signal indicates that the radio link is operational.",FR,Functional,0.5
755,F0_REQ_00756,It shall be possible for any member of the shunting group (including a driver) to transmit a shunting emergency call to all shunting groups in the area.,NFR,Performance,1
756,F0_REQ_00757,It shall be possible for all shunting drivers and shunting group members to receive a shunting emergency call from any equipment capable of taking part in shunting communications.,NFR,Performance,1
757,F0_REQ_00758,The shunting emergency call shall cause the audible link assurance signal to be interrupted.,FR,Functional,0.8
758,F0_REQ_00759,It should be possible for the system to record shunting group composition at a given instant.,FR,Functional,0.2
759,F0_REQ_00760,It should be possible for the system to record the source and time a shunting emergency call was transmitted.,FR,Functional,0.2
760,F0_REQ_00761,It should be possible for the system to record the recipients of a shunting emergency call.,FR,Functional,0.2
761,F0_REQ_00762,"If a user, other than the shunting leader, attempts to make another call whilst being an active member of a shunting group, the attempt shall be ignored.",NFR,Performance,1
762,F0_REQ_00763,"If the radio is used by the team leader for a shunting group call (i.e. initiated the shunting group call), switching the radio off shall result in the termination of the shunting group call.",FR,Functional,0.8
763,F0_REQ_00764,A shunting group shall be able to consist of the shunting leader mobile member.,NFR,Performance,1
764,F0_REQ_00765,A shunting group shall be able to consist of the shunting driver mobile member.,NFR,Performance,1
765,F0_REQ_00766,The shunting driver may remain fixed (i.e. in a shunting area) or may change one or more times during a working period (i.e. passenger or freight stations).,FR,Functional,0.5
766,F0_REQ_00767,A shunting group shall be able to consist of up to three shunting team members.,NFR,Performance,1
767,F0_REQ_00768,A controller shall be able to be associated permanently or temporarily with the shunting group.,FR,Functional,0.8
768,F0_REQ_00769,A shunting manager or other person capable of taking part in a shunting communication should be able to be temporarily associated with the shunting group.,FR,Functional,0.2
769,F0_REQ_00770,It shall only be possible for the shunting leader to communicate with a person external to the ongoing shunting communication.,FR,Functional,0.8
770,F0_REQ_00771,"If an external user initiates a call to the shunting leader, the shunting leader should be informed by a visual and audible indication to avoid disturbing a shunting movement.",FR,Functional,0.2
771,F0_REQ_00772,The shunting leader can then choose the moment when he takes or rejects the external call.,FR,Functional,0.5
772,F0_REQ_00773,The shunting leader shall then be able to allow the external user to join the shunting communication.,FR,Functional,0.8
773,F0_REQ_00774,The link assurance signal shall consist of an intermittent audio tone (between 800 and 850Hz).,FR,Functional,0.8
774,F0_REQ_00775,"The link assurance tone shall be of one second duration, followed by an interval of two seconds.",NFR,Performance,1
775,F0_REQ_00776,It should be possible to provide an alternative means of link assurance indication.,FR,Functional,0.2
776,F0_REQ_00777,Operational radios used for shunting shall be able to be switched between Mode A by a maintenance function.,FR,Functional,0.8
777,F0_REQ_00778,"In Mode A, the link assurance signal shall be interrupted, but not cancelled, when the initiator of the link assurance signal presses the PTT to speak.",FR,Functional,0.8
778,F0_REQ_00779,The link assurance signal shall be deactivated upon receipt of a shunting emergency call.,FR,Functional,0.8
779,F0_REQ_00780,"All members of the shunting group, other than the initiator of the link assurance signal, shall be unable to speak during the transmission of the link assurance signal.",NFR,Performance,1
780,F0_REQ_00781,All members of the shunting group shall be able to initiate a shunting emergency call at any time.,NFR,Performance,1
781,F0_REQ_00782,It shall be possible to modify a shunting group's composition during a working period.,FR,Functional,0.8
782,F0_REQ_00783,The process for acceptance (or rejection) of new members in a shunting group shall be simple.,NFR,Performance,1
783,F0_REQ_00784,The process for admission and removal of temporary members in a shunting group shall be simple.,NFR,Performance,1
784,F0_REQ_00785,"In a given area, a radio set shall be capable of operation in any of the shunting groups in use in that area, subject to any user access restrictions.",FR,Functional,0.8
785,F0_REQ_00786,"Where the direct mode facility is provided, a range of up to at least 2000m in open terrain shall be supported between a direct mode transmitter and receiver.",FR,Functional,0.8
786,F0_REQ_00787,"Where the direct mode facility is provided, a voice only capability that supports the use of the link assurance signal shall be provided.",FR,Functional,0.8
787,F0_REQ_00788,"Where the direct mode facility is provided, an 'open channel' mode of operation such that all users employing direct mode receive transmissions when in range of the transmitting user shall be supported.",FR,Functional,0.8
788,F0_REQ_00789,"Where the direct mode facility is provided, it is sufficient that the user may talk or listen only, but not both.",FR,Functional,0.5
789,F0_REQ_00790,"Where the direct mode facility is provided, the ability to talk shall be achieved through use of the Push-To-Talk function.",FR,Functional,0.8
790,F0_REQ_00791,"Where the direct mode facility is provided, a minimum of one channel is to be available for use of direct mode facilities.",FR,Functional,0.5
791,F0_REQ_00792,"Where the direct mode facility is provided, if more than one channel is provided, there must be a function allowing the user to manually select the channel.",FR,Functional,0.5
792,F0_REQ_00793,"Where equipment provides both normal and direct mode capability, the user shall be able to switch between the two modes in a straightforward manner (but not by accident).",FR,Functional,0.8
793,F0_REQ_00794,"Where the direct mode facility is provided, the user may only select direct mode when the normal mobile telephony services are not available.",FR,Functional,0.5
794,F0_REQ_00795,"Where the direct mode facility is provided, controls shall be simple to use, including a direct mode on/off switch.",FR,Functional,0.8
795,F0_REQ_00796,"Where the direct mode facility is provided, controls shall be simple to use, including a Push-To-Talk function.",FR,Functional,0.8
796,F0_REQ_00797,"Where the direct mode facility is provided, controls shall be simple to use, including channel selection.",FR,Functional,0.8
797,F0_REQ_00798,"Where the direct mode facility is provided, controls shall be simple to use, including volume control.",FR,Functional,0.8
798,F0_REQ_00799,"Where the direct mode facility is provided, controls shall be simple to use, including battery warning for handportables.",FR,Functional,0.8
799,F0_REQ_00800,Battery life for handportables operating in direct mode shall be a minimum of 8 hours based on the following cycle: 20% transmit; 20% receive; 60% stand-by.,FR,Functional,1
800,F0_REQ_00801,"When direct mode is used as a fall-back, an audible and visual indication shall be provided of normal mobile telephony services returning.",FR,Functional,0.8
801,F0_REQ_00802,A plataforma será responsiva.,FR,Functional,0.5
802,F0_REQ_00803,O sistema será acessível através de navegadores modernos.,FR,Functional,0.5
803,F0_REQ_00804,O sistema será acessível através de dispositivos móveis.,FR,Functional,0.5
804,F0_REQ_00805,"O sistema deve fornecer um ponto de acesso único para criar, planejar e controlar projetos organizacionais.",FR,Functional,0.5
805,F0_REQ_00806,"O sistema deve monitorar a alocação de recursos humanos, financeiros e materiais de forma eficiente.",FR,Functional,0.5
806,F0_REQ_00807,O sistema deve oferecer painéis e relatórios dinâmicos.,FR,Functional,0.5
807,F0_REQ_00808,"O sistema deve permitir criar, editar e excluir projetos.",FR,Functional,0.5
808,F0_REQ_00809,"O sistema deve permitir definir metas, entregáveis e cronogramas para cada projeto.",FR,Functional,0.5
809,F0_REQ_00810,O sistema deve permitir rastrear o progresso com base em marcos e tarefas concluídas.,FR,Functional,0.5
810,F0_REQ_00811,"O sistema deve permitir criar e gerenciar perfis de usuário (gerentes, membros da equipe, partes interessadas).",NFR,Performance,0.8
811,F0_REQ_00812,O sistema deve permitir atribuir funções e permissões com base na hierarquia organizacional.,FR,Functional,0.5
812,F0_REQ_00813,O sistema deve permitir gerenciar a alocação de recursos humanos com base na disponibilidade e habilidades.,FR,Functional,0.5
813,F0_REQ_00814,O sistema deve monitorar os recursos materiais e financeiros alocados aos projetos.,FR,Functional,0.5
814,F0_REQ_00815,O sistema deve automatizar alertas para recursos próximos aos limites de disponibilidade.,FR,Functional,0.5
815,F0_REQ_00816,O sistema deve registrar os custos associados a cada atividade.,FR,Functional,0.5
816,F0_REQ_00817,O sistema deve permitir a criação de canais de comunicação por projeto.,FR,Functional,0.5
817,F0_REQ_00818,"O sistema deve integrar-se com ferramentas de comunicação (por exemplo, Microsoft Teams, Slack).",FR,Functional,0.5
818,F0_REQ_00819,O sistema deve permitir compartilhar documentos e arquivos diretamente através da plataforma.,FR,Functional,0.5
819,F0_REQ_00820,O sistema deve fornecer painéis com indicadores-chave de desempenho (KPIs).,FR,Functional,0.5
820,F0_REQ_00821,"O sistema deve gerar relatórios detalhados por projeto, equipe ou recurso.",FR,Functional,0.5
821,F0_REQ_00822,O sistema deve permitir visualizar o status da atividade em tempo real.,FR,Functional,0.5
822,F0_REQ_00823,O sistema deve configurar fluxos de trabalho para aprovações automáticas.,FR,Functional,0.5
823,F0_REQ_00824,O sistema deve enviar lembretes automáticos para tarefas com prazos iminentes.,NFR,Performance,0.8
824,F0_REQ_00825,O sistema deve realizar backups automáticos periódicos de dados.,NFR,Reliability,0.5
825,F0_REQ_00826,"O sistema deve conectar-se com sistemas ERP (SAP, Oracle).",FR,Functional,0.5
826,F0_REQ_00827,O sistema deve sincronizar calendários com o Google Calendar e o Microsoft Outlook.,FR,Functional,0.5
827,F0_REQ_00828,O sistema deve integrar-se com CRMs para rastrear atividades relacionadas ao cliente.,FR,Functional,0.5
828,F0_REQ_00829,O sistema deve implementar autenticação multifator (MFA).,FR,Functional,0.5
829,F0_REQ_00830,O sistema deve rastrear logs de atividades do usuário.,FR,Functional,0.5
830,F0_REQ_00831,"O sistema deve garantir a conformidade com regulamentações (por exemplo, GDPR, LGPD).",FR,Functional,0.5
831,F0_REQ_00832,"System Administration support the needs of a large, multiple-branch library system. Specifically, the system must support a library system with 50 locations, 20 million circulations, purchasing and processing over 500,000 items per year. It is highly desirable that searches and reports can be processed during open hours without disrupting other system functions.",FR,Functional,0.5
832,F0_REQ_00833,System Administration shall operate on a Linux or Solaris server.,FR,Functional,0.8
833,F0_REQ_00834,System Administration shall be accessible through a web-browser or a Windows-compatible client.,FR,Functional,0.8
834,F0_REQ_00835,"If web-browser based, System Administration shall be accessible through Microsoft Internet Explorer (v.6.0 and later) and Mozilla Firefox (v.2.0 and later).",FR,Functional,0.8
835,F0_REQ_00836,"System Administration shall be accessible with screen-reading software, screen-magnification software, and other software programs designed to increase accessibility.",FR,Functional,0.8
836,F0_REQ_00837,System Administration Module shall use a fully relational database back-end.,FR,Functional,0.8
837,F0_REQ_00838,System Administration Module shall produce standards-compliant HTML.,FR,Functional,0.8
838,F0_REQ_00839,System Administration Module shall provide a development and training environment with the ability to migrate configurations to a production environment.,FR,Functional,0.8
839,F0_REQ_00840,"User rights and privileges will be controlled through security groups and/or “roles” that allow access control for individuals, workgroups, and arbitrary staff groups.",FR,Functional,0.5
840,F0_REQ_00841,"The software developer shall provide complete data specifications for authority records, bibliographic records, order records, item records, hold/request records, and other records maintained or accessed by the System Administration Module.",FR,Functional,0.8
841,F0_REQ_00842,"The software developer shall provide a thorough high-level description of major processes, including bibliographic record import and export, validation of bibliographic records against internal and external authority sources, and standard reports.",FR,Functional,0.8
842,F0_REQ_00843,"The system shall provide an online, hierarchical, and cross-linked help system in HTML that describes and illustrates all system functions.",FR,Functional,0.8
843,F0_REQ_00844,"System runs on a fully relational, SQL-based database system. Ability to run SQL queries against any table in the database. Ability to access database as an ODBC source. All data tables and data storage are fully accessible.",NFR,Performance,0.5
844,F0_REQ_00845,The system provides real-time processing. For example: pull lists are up to date at time of viewing or printing; system supports live shelf reading and weeding.,FR,Functional,0.5
845,F0_REQ_00846,"Ability for multiple staff members and patrons to simultaneously access and update patron and item records, including on staff check-in and check-out terminals, on self check-out stations, through SIP2/NCIP2 and similar protocols and APIs, and in OPAC. Depending on assigned privileges, staff can view all patron and item fields; patrons can access only selected fields. Record changes are applied in a reasonable way, with prompts to warn when a record has been changed since it was displayed.",FR,Functional,0.8
846,F0_REQ_00847,"For any patron record or item record, staff can identify where it is in use (location, user, date and time placed).",FR,Functional,0.5
847,F0_REQ_00848,Support for individual and shared staff login accounts; access to modules is granted by use of roles or privileges that allow each account to access as many (or as few) modules as needed. Individual logins allow user-level preferences and audit trail.,FR,Functional,0.5
848,F0_REQ_00849,"System documentation is library-specific and follows standard formats for technical documentation. Documentation is specific to the particular version of the software in use at library. Documentation is web-based, indexed, organized by function, and easily searchable.",FR,Functional,0.5
849,F0_REQ_00850,"System upgrades and updates include written guidelines for updating servers and clients. Includes list of new, changed, and removed features.",FR,Functional,0.5
850,F0_REQ_00851,System provides access to all configuration files.,FR,Functional,0.5
851,F0_REQ_00852,"System provides full access to all log files. Log files can be reviewed without stopping system. Logs can be enabled, disabled, and set to a specific retention threshold.",FR,Functional,0.5
852,F0_REQ_00853,System provides access to root shell.,FR,Functional,0.5
853,F0_REQ_00854,"System supports creation of custom dashboards that display current and historical data about system performance, record creation and modification, circulation transactions, etc. Administrators can create dashboards and give access to selected users and groups.",FR,Functional,0.5
854,F0_REQ_00855,"System provides full support for SNMP and supports monitoring of system resources, including disk space, CPU load, memory load, system processes, system interfaces and ports. Alert thresholds are configurable. Alerts can be sent via administrative dashboards, email messages, and text messages. Alerts can be sent to unlimited number of recipients via any or all alert methods.",NFR,Performance,1
855,F0_REQ_00856,"Ability to set thresholds on the length of time records are locked and provide, for all record types, a list of records in sustained use/locked condition. Ability from the same console to unlock one or more records.",FR,Functional,0.5
856,F0_REQ_00857,"System provides dashboard of performance monitoring and management tools. Identification of processes with process ID, owner username, IP address (if applicable), CPU utilization, memory utilization, run time. Runaway processes are identified. System status is represented by visual indicators (e.g. green and red lights).",NFR,Performance,0.7
857,F0_REQ_00858,"System provides a server management console including: software shutdown utility, software startup utility, server shutdown utility, server restart utility.",FR,Functional,0.5
858,F0_REQ_00859,"System provides an administrative dashboard displaying: last full and incremental backup; last planned and unplanned system reboot; last software upgrade; current software version; transactions waiting to be processed; size of log-files; current count of records by record type (item, bibliographic, patron etc), database utilization (size, processes running).",FR,Functional,0.5
859,F0_REQ_00860,System provides a management console displaying workstations running client software; workstation name and IP address; and utilities for managing and killing client sessions.,FR,Functional,0.5
860,F0_REQ_00861,"System provides a circulation dashboard showing key performace indicators such as check-outs per hour, check-ins per hour, holds placed per hour, holds paged per day, etc. Indicators can be limited to a single branch or set to systemwide.",FR,Functional,0.5
861,F0_REQ_00862,System provides a single console with access to all configuration files. Read and write permission to individual configuration files can be assigned to users and groups.,FR,Functional,0.5
862,F0_REQ_00863,System provides a dashboard for locating and viewing log files.,FR,Functional,0.5
863,F0_REQ_00864,"System provides a single interface for reviewing and controlling scheduled tasks, including staff-scheduled tasks, automated reports, scheduled imports and exports, software updates, etc.",FR,Functional,0.5
864,F0_REQ_00865,"Ability to access and edit email configuration, including a quick menu of common settings (such as masquerading, log retention, bounce management).",FR,Functional,0.5
865,F0_REQ_00866,System supports SMTP for email transport.,FR,Functional,0.5
866,F0_REQ_00867,"System supports restrictions based on business rules, e.g. restrictions on deleting item records that are in checked-out status, or restrictions on deleting bibliographic records with existing holds.",FR,Functional,0.5
867,F0_REQ_00868,"System provides customizable 'Rules of Suppression' that specify whether patrons and staff can view authority, bibliographic, order, and item records in staff and public (OPAC) interfaces. Records may be visible to specific workgroups only; to all staff and patrons at specific locations; or to all staff and all patrons. (See REQ-5057 for related requirements on loan rules, and REQ-5190 for related requirements on holdability.)",FR,Functional,0.5
868,F0_REQ_00869,"System allows creation and modification of requesting rules that determine whether a patron can place a hold on an item. Requesting rules may evaluate patron type, current number of holds, current patron account balance, item type, item status, owning location code, and other criteria. For example, requesting rules may prohibit patrons from placing holds on on-order CD titles, but allow patrons to place holds on other on-order titles. Requesting rules also specify whether staff with specific privileges or roles can override specific criteria. (See REQ-5057 re loan rules, REQ-5278 re visibility.)",NFR,Performance,0.8
869,F0_REQ_00870,"System allows creation and modification of loan rules that allow or disallow check-out of items, calculate loan periods, and determine renewal limits. Loan rules may evaluate patron type, current number of items checked out, current patron account balance, item type, item status, owning location code, check-out location code, and other criteria. For example, loan rules may prohibit patrons from checking out items with an unavailable status, e.g. an item with a triggered hold for another patron or an item that is already checked out to another patron. Loan rules can access check-out location open/closed schedule in calculating due date. Loan rules also specify whether a specific criteria may be overridden by staff with specific privileges or roles. (Also see REQ-5190 re requesting rules.)",NFR,Performance,0.8
870,F0_REQ_00871,"Ability to specify default value, data validation, automatic formatting, and required status for any field.",FR,Functional,0.5
871,F0_REQ_00872,System provides capability to perform live incremental and full backups of data and transaction logs. System supports use of third-party backup software such as EMC NetWorker.,FR,Functional,0.5
872,F0_REQ_00873,"System logs data changes (such as record deletions) and provides undo functionality. Ideally, system provides revision control.",FR,Functional,0.2
873,F0_REQ_00874,Ability to cluster servers for failover capability.,NFR,Reliability,0.5
874,F0_REQ_00875,Patron data is secure in all transfers to and from the system.,FR,Functional,0.5
875,F0_REQ_00876,System administrative staff has full visibility and control of user privileges.,FR,Functional,0.5
876,F0_REQ_00877,"System supports secure protocols, including SFTP, SSL, and SSH. SFTP is supported in both active and passive modes, configurable per vendor.",FR,Functional,0.5
877,F0_REQ_00878,"MARC bibliographic and authority records can be imported and exported, singly and in batch, all fields or selected fields, to and from vendors including OCLC. Imported records can overlay existing short or full bibliographic records. Imported batches can be maintained and manipulated as selection lists (see REQ-3004).",FR,Functional,0.5
878,F0_REQ_00879,"System supports an unlimited number of record sets, with the ability to import and export set members in batch. Record sets can be the basis for batch field updates; can be used as a limiting scope for queries; can be used to delete original records with the ability to review prior to deletion, write errors to a log file, and undo one or more deletions.",NFR,Performance,0.8
879,F0_REQ_00880,"System provides a dedicated interface for creating new staff accounts. New staff account creation process provides configurable templates for account administrator use; provides granular privileges for account creation, modification, and deletion.",FR,Functional,0.5
880,F0_REQ_00881,System provides a dedicated interface for creating new patron accounts. Patron account creation process provides configurable templates for staff use; supports field validation and required fields; provides configurable defaults.,FR,Functional,0.5
881,F0_REQ_00882,"System supports scheduling of maintenance tasks, reports, and data exports. Jobs can be scheduled in sequence (start job B when job A finishes) and can be modified or cancelled at any time prior to starting.",FR,Functional,0.5
882,F0_REQ_00883,"Staff can be given permission to schedule tasks, reports, and data exports. System administration staff can view and manage jobs scheduled by other staff.",FR,Functional,0.5
883,F0_REQ_00884,"System supports administrator-programmable and user-programmable macros and/or keyboard shortcuts. Shortcut keys may be assigned to macros (e.g. 'Insert Field') or to text strings. Macros are centrally managed on server, can be imported from and exported to individual users, and can be restricted for use and/or editting through centrally-managed permissions.",FR,Functional,0.5
884,F0_REQ_00885,Staff and group accounts are independent from workstations; client install should not be tied to a specific location.,FR,Functional,0.2
885,F0_REQ_00886,"Client software installation and updates must be centrally managed, using standard or proprietary network management tools, allowing streaming updates from server. Ability to specify specific clients to be updated. Client software can be managed with VNC and Remote Desktop.",FR,Functional,0.5
886,F0_REQ_00887,All client configuration files are server based; configurations can be exported and imported between clients.,FR,Functional,0.5
887,F0_REQ_00888,"Ability to fully customize layout and appearance of reports. Ability to display, print, email, or save report to standard formats including CSV and Excel, as well as to customizable formats.",FR,Functional,0.5
888,F0_REQ_00889,"System provides a user-friendly interface for designing queries against all record types. Staff can select fields to query; select values from picklist of possible values; select regular expressions from drop-down menu, and use a full range of Boolean operators. Administrators control staff access to tables and fields.",FR,Functional,0.5
889,F0_REQ_00890,"System administrators can create report templates that are available to front-line staff, and can be run as is or modified to the staff person's particular needs.",FR,Functional,0.5
890,F0_REQ_00891,"System provides fine-grained permissions to allow or disallow staff to run specific reports, and/or to run ad hoc reports on specific sets of data.",FR,Functional,0.5
891,F0_REQ_00892,"System reports for each record type: current record number, current number of records, number deleted, and number purged. Record types include patron, bibliographic, item, order, invoice, etc. Access to record numbers is controlled at the user/group level.",NFR,Performance,0.8
892,F0_REQ_00893,"Ability to define and select four types of printers: receipt printer, standard printer, label printer, and forms printer. All Windows printers are supported.",FR,Functional,0.5
893,F0_REQ_00894,"Ability to print to a file on the server, ftp, email, or printer from any part of the application. When applicable, the ability to select record fields and control order of fields when printing.",FR,Functional,0.5
894,F0_REQ_00895,O sistema deve ser confiável.,FR,Functional,0.5
895,F0_REQ_00896,O sistema deve ter baixa manutenção.,FR,Functional,0.5
896,F0_REQ_00897,O sistema deve atender aos requisitos de segurança ditados pelas normas regulatórias HIPAA e FDA.,FR,Functional,0.5
897,F0_REQ_00898,O sistema deve atender aos requisitos de confidencialidade ditados pelas normas regulatórias HIPAA e FDA.,FR,Functional,0.5
898,F0_REQ_00899,O sistema deve exibir os hiperlinks e descrições para o usuário realizar as funções desejadas conforme especificado no UIS relacionado.,FR,Functional,0.5
899,F0_REQ_00900,O Usuário deve ser capaz de visualizar os hiperlinks e descrições listados.,FR,Functional,0.5
900,F0_REQ_00901,O Usuário deve ser capaz de escolher uma função clicando no hiperlink.,FR,Functional,0.5
901,F0_REQ_00902,O sistema deve exibir a página operacional desejada para o usuário após clicar no hiperlink.,FR,Functional,0.5
902,F0_REQ_00903,Um usuário com privilégios de administrador deve ser capaz de Adicionar/Criar um novo usuário e associar o usuário com a(s) função(ões) especificada(s) no sistema.,FR,Functional,0.5
903,F0_REQ_00904,O sistema deve exibir uma mensagem de erro se o novo usuário for encontrado no sistema [system name].,FR,Functional,0.5
904,F0_REQ_00905,O sistema deve exibir uma mensagem de erro se o novo usuário não estiver ativo no Active Directory.,FR,Functional,0.5
905,F0_REQ_00906,O sistema deve exibir a aba xxx como a aba padrão.,FR,Functional,0.5
906,F0_REQ_00907,O usuário deve ser capaz de criar/adicionar um novo usuário manualmente ou a partir de um modelo.,FR,Functional,0.5
907,F0_REQ_00908,O registro do usuário deve herdar todas as configurações de função especificadas no modelo quando o registro do usuário for criado a partir do modelo de usuário.,FR,Functional,0.5
908,F0_REQ_00909,O usuário deve ser capaz de adicionar funções adicionais manualmente ao criar/adicionar um novo usuário a partir de um modelo de usuário.,FR,Functional,0.5
909,F0_REQ_00910,O sistema deve salvar as informações do usuário no banco de dados com funções especificadas associadas a divisões para o usuário recém-criado/adicionado.,FR,Functional,0.5
910,F0_REQ_00911,O sistema deve realizar uma busca nas colunas de nome de exibição do usuário e nome de usuário do sistema [system name] nas tabelas de usuário para encontrar o usuário e verificar a existência do usuário.,FR,Functional,0.5
911,F0_REQ_00912,O sistema deve realizar uma busca no Active Directory para verificar o status do usuário Ativo/Inativo dentro da empresa quando o usuário tenta criar/adicionar um novo usuário no sistema [system name].,FR,Functional,0.5
912,F0_REQ_00913,O sistema deve gerar uma mensagem de confirmação padrão após salvar os dados e mensagens de aviso/cautela após o botão cancelar ou fechar ser clicado.,FR,Functional,0.5
913,F0_REQ_00914,"O usuário deve ter a flexibilidade de clicar em qualquer aba para iniciar o processo de adição, embora a aba xxx deva ser exibida como a aba padrão.",NFR,Performance,0.8
914,F0_REQ_00915,"Todos os campos obrigatórios, conforme especificado no UIS, devem ser marcados com um asterisco vermelho alertando o usuário para preencher os campos obrigatórios.",FR,Functional,0.5
915,F0_REQ_00916,O usuário deve ser capaz de salvar dados após criar/adicionar um novo usuário ou cancelar dados para abortar o processo.,FR,Functional,0.5
916,F0_REQ_00917,O sistema deve limpar os dados se o usuário escolher clicar no botão Cancelar no meio da criação/adição de um novo usuário.,FR,Functional,0.5
917,F0_REQ_00918,O sistema deve direcionar o usuário para a página xxx se o usuário escolher clicar no botão fechar sem inserir nenhum dado.,FR,Functional,0.5
918,F0_REQ_00919,"O usuário deve associar pelo menos uma função, divisão, código de designador e local do laboratório no momento da criação/adição de um novo usuário.",FR,Functional,0.5
919,F0_REQ_00920,O usuário deve preencher os campos obrigatórios — Nome de Usuário e Nome de Exibição — na seção Informações do Usuário no momento da criação/adição de um novo usuário.,FR,Functional,0.5
920,F0_REQ_00921,O sistema deve gerar uma mensagem de erro/aviso padrão após o usuário tentar salvar dados sem associar um de cada um dos seguintes critérios — xxx — e/ou sem preencher os campos obrigatórios na seção Informações do Usuário.,FR,Functional,0.5
921,F0_REQ_00922,A Equipe do Projeto deve demonstrar protótipos de mudanças na UI para as partes interessadas do projeto no início do processo de desenvolvimento.,FR,Functional,0.5
922,F0_REQ_00923,A Equipe do Projeto deve permitir ajustes razoáveis nas interfaces de usuário de novas funcionalidades pelas partes interessadas do projeto quando o cronograma do projeto permitir tais ajustes.,FR,Functional,0.5
923,F0_REQ_00924,A Equipe do Projeto deve agendar atualizações para o ambiente de produção somente às terças-feiras entre 19h e 7h.,NFR,Performance,0.8
924,F0_REQ_00925,A Equipe do Projeto deve realizar testes aplicáveis e apropriados contra novas funcionalidades antes de liberar essa funcionalidade/compilação para o ambiente de produção.,NFR,Performance,0.8
925,F0_REQ_00926,A Equipe do Projeto deve permitir um tempo razoável para realizar Testes de Aceitação do Usuário (UAT) contra as funcionalidades construídas antes de implantar o produto no ambiente de produção.,NFR,Performance,0.8
926,F0_REQ_00927,A Equipe de Desenvolvimento deve definir padrões de codificação para o aplicativo e seguir esses padrões consistentemente.,FR,Functional,0.5
927,F0_REQ_00928,A Equipe de Desenvolvimento deve ser obrigada a ajustar o código-fonte existente para seguir os padrões de codificação aceitos somente se esse código-fonte precisar ser modificado.,FR,Functional,0.5
928,F0_REQ_00929,"O sistema deve registrar erros, avisos e mensagens informativas em um arquivo de log externo no servidor de aplicativos.",FR,Functional,0.5
929,F0_REQ_00930,A Equipe de Desenvolvimento deve ser obrigada a ajustar o código-fonte existente para usar o arquivo de log externo somente se esse código-fonte precisar ser modificado para implementar outro requisito.,FR,Functional,0.5
930,F0_REQ_00931,O sistema deve registrar uma mensagem de erro no arquivo de dados externo quando o usuário for direcionado para a página de erro [SYSTEM NAME].,FR,Functional,0.5
931,F0_REQ_00932,O sistema deve enviar um e-mail de notificação para uma lista de distribuição de e-mail dos Serviços ao Cliente se o usuário for direcionado para a página de erro xxx.,FR,Functional,0.5
932,F0_REQ_00933,A Equipe de Desenvolvimento deve desenvolver funcionalidades usando a linguagem xx e na Plataforma .NET 3.5 suportada.,FR,Functional,0.5
933,F0_REQ_00934,A Equipe de Desenvolvimento deve utilizar estruturas de código aberto estabelecidas em vez de componentes proprietários personalizados sempre que apropriado.,FR,Functional,0.5
934,F0_REQ_00935,O sistema deve continuar a depender e usar um único banco de dados SQL Server 2008.,FR,Functional,0.5
935,F0_REQ_00936,O Proprietário/Líder Técnico deve fornecer aprovação antes que qualquer compilação do [SYSTEM NAME] possa ser implantada no ambiente de produção.,NFR,Performance,0.8
936,F0_REQ_00937,A Equipe de Desenvolvimento deve realizar integrações semanais do sistema [SYSTEM NAME] e implantar essas atualizações do sistema no ambiente de Staging.,NFR,Performance,0.8
937,F0_REQ_00938,A Equipe de Desenvolvimento deve rotular cada compilação programada do [SYSTEM NAME] no sistema de controle de código-fonte.,FR,Functional,0.5
938,F0_REQ_00939,A Equipe de Desenvolvimento deve realizar compilações programadas do [SYSTEM NAME] usando o código retirado do controle de código-fonte usando o rótulo conforme definido e especificado.,FR,Functional,0.5
939,F0_REQ_00940,A Equipe de Desenvolvimento deve desenvolver e enviar notas de lançamento por e-mail para toda a Equipe do Projeto após cada compilação do [SYSTEM NAME] implantada no ambiente de Staging.,NFR,Performance,0.8
940,F0_REQ_00941,O Líder Técnico deve realizar revisões de código de cada mudança no sistema antes que essas mudanças possam ser submetidas ao controle de código-fonte.,FR,Functional,0.5
941,F0_REQ_00942,A Equipe de QA/QC deve realizar testes de regressão contra todas as compilações programadas.,FR,Functional,0.5
942,F0_REQ_00943,"A ferramenta RoboHelp, versão 8, será usada para criar os links de hipertexto da Ajuda online do sistema [system name]. O sistema [system name] exibirá um link de hipertexto rotulado Ajuda no canto superior direito de cada uma das telas de usuário para fornecer assistência ao usuário. Cada uma das janelas pop-up de tópicos de Ajuda conterá o mesmo conteúdo que está disponível nos manuais do usuário do sistema [system name].",FR,Functional,0.5
943,F0_REQ_00944,"O sistema deve fornecer a capacidade de abrir uma janela pop-up exibindo informações sobre a página específica, juntamente com links para tópicos de ajuda de suporte ao selecionar cada link de Ajuda.",FR,Functional,0.5
944,F0_REQ_00945,"O sistema deve exibir a página Visão Geral do [system name], localizada na seção Introdução da Ajuda, como página de tópico de ajuda padrão que será carregada ao selecionar o link de hipertexto da Ajuda.",FR,Functional,0.5
945,F0_REQ_00946,O sistema deve permitir que os usuários naveguem facilmente por cada um dos tópicos de ajuda selecionando um link de hipertexto correspondente fornecido no quadro esquerdo da janela pop-up da Ajuda.,FR,Functional,0.5
946,F0_REQ_00947,O sistema deve exibir o logotipo da [company name] no lado superior direito da tela em cada uma das páginas de ajuda.,FR,Functional,0.5
947,F0_REQ_00948,O sistema deve exibir cada uma das páginas de ajuda usando o mesmo esquema de cores e plano de fundo conforme especificado.,FR,Functional,0.5
948,F0_REQ_00949,O sistema deve fornecer capacidade de pesquisa aos usuários para encontrar rapidamente material de tópico específico através da ferramenta de ajuda online.,FR,Functional,0.5
949,F0_REQ_00950,O sistema deve fornecer um índice aos usuários para uma busca mais aprofundada de conteúdos de tópicos através da ferramenta de ajuda online.,FR,Functional,0.5
950,F0_REQ_00951,O sistema deve fornecer um Glossário para termos relacionados à indústria associados à [company name] e ao sistema [system name] aos usuários através da ferramenta de ajuda online.,FR,Functional,0.5
951,F0_REQ_00952,O sistema deve reter as capacidades existentes de conformidade com HIPAA.,FR,Functional,0.5
952,F0_REQ_00953,O sistema deve seguir as capacidades de conformidade com HIPAA em novas funcionalidades introduzidas no sistema.,FR,Functional,0.5
