,id,text,class,subclass,confidence
46,F0_REQ_00047,The CNG may use multiple tunnel connections for providing e.g. adequate QoS for the remote access user.,FR,Functional,0.5
47,F0_REQ_00048,The CNG may allow secure dynamic firewall opening for remote access devices based on NGN authentication functions.,FR,Functional,0.5
48,F0_REQ_00049,The CNG may provide Home to Home (H2H) communication service connecting CNDs in different CPNs.,FR,Functional,0.5
49,F0_REQ_00050,"If Home to Home (H2H) communication service is provided, then each CNG must limit access to local CNDs and/or media classes based on the access rights of the remote H2H user identity.",FR,Functional,0.5
50,F0_REQ_00051,"If Home to Home (H2H) communication service is provided, then each CNG must ensure that emergency service sessions originating in its CPN are associated with the appropriate location information and/or calling identity.",FR,Functional,0.5
51,F0_REQ_00052,"The CPN may support encrypted communication with remote access devices, and the encrypted communication can be terminated either at the CNG or CND.",FR,Functional,0.5
52,F0_REQ_00053,The CNG may act as a proxy for handling messages (requests and responses) related to the remote access scenarios to and from the home.,FR,Functional,0.5
53,F0_REQ_00054,The CNG may support mechanisms supporting nomadism of the users and their subscribed services from one physical customer environment to another.,FR,Functional,0.5
65,F0_REQ_00066,Codec requirements and capabilities for the User Equipment (including the CNG) are already defined in TS 181 005 [1] which describes service requirements and capabilities for the TISPAN NGN.,FR,Functional,0.5
76,F0_REQ_00077,Protocols adaptation for control plane or management plane may be performed by CNG.,FR,Functional,0.5
80,F0_REQ_00081,"Subject to applicable regulation, UGC media streams may be sent directly from one CPN to one or multiple other CPN.",FR,Functional,0.5
86,F0_REQ_00087,The CNG may interact with the Resource and Admission Control Subsystem (RACS) as defined in ES 282 001 [9] to support remote real-time QoS control,FR,Functional,0.5
87,F0_REQ_00088,The CNG may interact with network elements inside the CPN to support QoS control inside the CPN.,FR,Functional,0.5
107,F0_REQ_00108,"For the CNG management it is recommended to use a single protocol, so as to minimize the complexity and the cost of the service.",FR,Functional,0.5
112,F0_REQ_00113,The CND directly or through the CNG must be able to access to Network Configuration Service Function without involving any user interaction.,FR,Functional,0.5
118,F0_REQ_00119,"A CND, as defined in clause 3, may use the CNG to access NGN services.",FR,Functional,0.5
158,F0_REQ_00159,The CNG may allow secure dynamic firewall opening for remote access devices based on NGN authentication functions.,FR,Functional,0.5
159,F0_REQ_00160,"The CPN may support encrypted communication with remote access devices, and the encrypted communication can be terminated either at the CNG or CND.",FR,Functional,0.5
160,F0_REQ_00161,The CNG may act as a proxy for handling messages (requests and responses) related to the remote access scenarios to and from the home.,FR,Functional,0.5
161,F0_REQ_00162,The CNG may support mechanisms supporting nomadism of the users and their subscribed services from one physical customer environment to another.,FR,Functional,0.5
162,F0_REQ_00163,"Multiple identities should be supported within the same subscription. Personal service profiles per each identity within the same subscription should be supported. A shared public identity on several terminals, with different private identities, shall be supported (shared IMPU).",FR,Functional,0.5
168,F0_REQ_00169,(i.e. using the same CND in two different CPNs declaring the same public identity). Supporting this scenario for non IMS capable CNDs is still to be discussed.,FR,Functional,0.5
170,F0_REQ_00171,Codec requirements and capabilities for the User Equipment (including the CNG) are already defined in TS 181 005 [1] which describes service requirements and capabilities for the TISPAN NGN.,FR,Functional,0.5
181,F0_REQ_00182,Protocols adaptation for control plane or management plane may be performed by CNG.,FR,Functional,0.5
200,F0_REQ_00201,"For the CNG management it is recommended to use a single protocol, so as to minimize the complexity and the cost of the service.",FR,Functional,0.5
202,F0_REQ_00203,"(e.g. VoIP phones, Video phones, STBs, etc).",FR,Functional,0.5
210,F0_REQ_00211,Successful authentication is a prerequisite for the processing of any on-line or offline CEPS transaction,NFR,Security,0.5
211,F0_REQ_00212,"On-line authentication must take place between the card issuer and the CEP card for load,unload,and currency exchange transactions",FR,Functional,0.5
212,F0_REQ_00213,The card issuer and the CEP card share a secret key to generate and verify MACs,FR,Functional,0.5
213,F0_REQ_00214,Off-line authentication must take place between a PSAM in the POS device and the CEP card for purchase and cancel last purchase transactions,FR,Functional,0.5
214,F0_REQ_00215,"The card and the PSAM must use a public key algorithm for mutual authentication and session key exchange,as no permanent shared secret key may exist between the CEP card and the PSAM",FR,Functional,0.5
215,F0_REQ_00216,"To load value into a slot of the CEP card securely,the load device establishes a connection between the issuer and the CEP card",FR,Functional,0.5
217,F0_REQ_00218,"If this is not a cash load,the funds issuer needs to verify that the funds are requested by the legitimate account owner,which is normally done by the presentation of an enciphered PIN",FR,Functional,0.5
218,F0_REQ_00219,"The card issuer needs to ensure that the load acquirer is guaranteeing payment for the electronic value,and that the card is authentic",FR,Functional,0.5
219,F0_REQ_00220,"The load acquirer needs to ensure that the issuer is the true owner of the card,and,in the case of an apparent failure of the load,the load acquirer needs the card presented to authenticate the failure",NFR,Reliability,0.5
220,F0_REQ_00221,The load device sends S1 in an authorization request to the issuer,NFR,Security,0.5
221,F0_REQ_00222,The load device also provides for verification of the identity of the cardholder (with either on-line or off-line PIN verification) and forwards verification data in the authorization request,FR,Functional,0.5
222,F0_REQ_00223,The issuer validates S1 to authenticate the card and the data to be used in the transaction,FR,Functional,0.5
223,F0_REQ_00224,The issuer sends S2 to the load acquirer in the authorization response message,NFR,Security,0.5
224,F0_REQ_00225,Unloads are permitted only to an account controlled by the card issuer and are performed only at a load device under the control of the card issuer,FR,Functional,0.5
225,F0_REQ_00226,"The cardholder must have an account relationship with the card issuer,and funds removed from the card are credited to the cardholder account only after the card issuer authenticates the card",FR,Functional,0.5
226,F0_REQ_00227,"The issuer needs only to authenticate the card,and the card needs only to authenticate the issuer and that the data is the same as used by the issuer",FR,Functional,0.5
227,F0_REQ_00228,"The card generates S1,using data from the card and load device,and sends S1 to the card issuer to authenticate the card and the data that is to be used in the transaction",FR,Functional,0.5
228,F0_REQ_00229,"The card issuer generates S2,which is sent to the card to allow the card to validate the card issuer??s authenticity and to ensure that the data used by the card in the transaction is the same as the card issuer intended",FR,Functional,0.5
229,F0_REQ_00230,"In the case of an unsuccessful completion,exception processing outlined in the On-line Exception Processing section is performed",FR,Functional,0.5
230,F0_REQ_00231,"During a purchase transaction,the CEP card must ensure that it is dealing with an authentic POS device,and it must generate a signature to allow the card issuer to verify the integrity of the transaction",FR,Functional,0.5
231,F0_REQ_00232,"The POS device must ensure that it is dealing with an authentic card,and guarantee integrity of transactions and batches to the merchant acquirer",FR,Functional,0.5
232,F0_REQ_00233,"In the case of a reversal,the CEP card must re-authenticate the PSAM",FR,Functional,0.5
233,F0_REQ_00234,"The card must ensure that the transaction is performed by the same POS device as was used for the purchase being canceled,and that the amount of the cancellation is the same as the amount of the purchase,or,in the case of an incremental purchase,the same as the amount of the last step",FR,Functional,0.5
234,F0_REQ_00235,"During a Cancel Last Purchase transaction,the CEP card is authenticated by the PSAM in the POS device",FR,Functional,0.5
235,F0_REQ_00236,"The PSAM authenticates that the purchase transaction being canceled was performed by the PSAM,and that the transaction being canceled is part of the active batch",FR,Functional,0.5
236,F0_REQ_00237,The card issuer and the merchant acquirer also authenticate the transaction when they receive it,FR,Functional,0.5
238,F0_REQ_00239,"The transaction signatures ensure end to end integrity of transmitted data for load,unload,and currency exchange transactions",FR,Functional,0.5
239,F0_REQ_00240,These totals are used by the merchant acquirer to ensure the integrity of the batch,FR,Functional,0.5
240,F0_REQ_00241,"The count and amount of the transactions in the batch must be protected by the S4 MAC,This information is not part of the card issuer??s verification process",FR,Functional,0.5
242,F0_REQ_00243,These merchant acquirers must then assign unique identifiers to PSAMs,FR,Functional,0.5
243,F0_REQ_00244,"Each PSAM must maintain a transaction count,The unique PSAM ID and the transaction count are used during a conversation with a CEP card. The transaction count must not be reset during the life of the PSAM",FR,Functional,0.5
244,F0_REQ_00245,"Contain the CA public RSA key,the PSAM??s private RSA key and optionally the certificates that the POS device uses to perform mutual authentication with the CEP card",NFR,Security,0.5
245,F0_REQ_00246,"Perform the calculation required to generate a signature using the PSAM??s private RSA key,to allow the CEP card to validate the PSAM",FR,Functional,0.5
246,F0_REQ_00247,Contain the latest transaction count and amount of batches that have not been deleted from the POS device by the merchant or merchant acquirer,FR,Functional,0.5
247,F0_REQ_00248,Contain the details of a transaction between the initialize command for that transaction and the initialize command for the next transaction,FR,Functional,0.5
248,F0_REQ_00249,"Be the entity that maintains control over the flow of a transaction,ensuring that all security is enforced",NFR,Security,0.5
249,F0_REQ_00250,Perform the verification of signatures and certificates during a purchase and cancel last purchase transaction,FR,Functional,0.5
250,F0_REQ_00251,Ensure that each batch of transactions is cleared and settled once and only once,FR,Functional,0.5
251,F0_REQ_00252,Send transactions to card issuers or their processors in a standard format defined in agreement with the scheme provider,FR,Functional,0.5
252,F0_REQ_00253,"Ensure that CA public keys,aggregation parameters,blocking lists and issuer certificate revocation lists from the scheme providers are sent to the POS devices",FR,Functional,0.5
253,F0_REQ_00254,"Share one or more MAC keys with connecting processors,create a MAC on each transmission sent to another processor,and verify the MAC on each transmission received from another processor",FR,Functional,0.5
254,F0_REQ_00255,Send transactions to other processors in a standard format defined in agreement with the scheme provider,FR,Functional,0.5
256,F0_REQ_00257,"The scheme provider must ensure that the entire process between merchants,merchant acquirers,card issuers,and processors is auditable and reconcilable",FR,Functional,0.5
257,F0_REQ_00258,"If errors in the card issuer MAC are discovered by the card issuer during its processing of the transactions,a dispute mechanism,established by the scheme provider,may be used to have money refunded",FR,Functional,0.5
258,F0_REQ_00259,"If a scheme provider establishes a central error repository,all transactions for the scheme with MAC errors must be sent to that central error repository whether or not they are submitted to the dispute process",FR,Functional,0.5
259,F0_REQ_00260,"Payment for a transaction is only required when a detail transaction is submitted for payment,A merchant acquirer may choose to pay the merchant using the batch total",FR,Functional,0.5
260,F0_REQ_00261,The timing of payment to the merchant must be established between the merchant and the merchant acquirer,FR,Functional,0.5
261,F0_REQ_00262,"A purchase transaction may be reversed,prior to the removal of the CEP card from the POS device,by sending a purchase reversal command to the CEP card,The CEP card must authenticate the PSAM using certificates previously exchanged",FR,Functional,0.5
262,F0_REQ_00263,The amount to be reversed is the amount of the last step of the transaction. The reversal command sent to the CEP card contains a S2 MAC computed by the PSAM,FR,Functional,0.5
263,F0_REQ_00264,"The PSAM in the POS device generates a merchant acquirer S5 MAC for the transaction,computes a new S4 MAC on the updated batch total count and amount,and logs the transaction",FR,Functional,0.5
264,F0_REQ_00265,"The CEP card authenticates the PSAM using the certificates previously received and the S2,The CEP card increments the value of the purse and logs the transaction",FR,Functional,0.5
265,F0_REQ_00266,The CEP card sends a response to the reversal command to the POS device. The reversal is considered to be successful even in the event of a negative response or no response from the CEP card,FR,Functional,0.5
266,F0_REQ_00267,"After the CEP card is inserted in the POS device,the POS device initiates the cancel last purchase transaction",FR,Functional,0.5
267,F0_REQ_00268,"If the POS device supports multiple applications or multiple transaction types,an interaction between the terminal and consumer or sales agent determines the CEP application and the function to be performed (cancel last purchase transaction)",FR,Functional,0.5
268,F0_REQ_00269,"The CEP card verifies that the PSAM is the PSAM used in the original transaction,computes a S1 MAC using the same DES session key that was used for the purchase transaction being cancelled,and responds to the POS device with the S1 and the identification of the last transaction. If the purchase transaction to be canceled has been canceled or is not part of the active batch,the command is not allowed",FR,Functional,0.5
269,F0_REQ_00270,The PSAM either retrieves or re-derives the DES session key used for the purchase transaction being cancelled. The POS device authenticates the CEP card using this key and the S1 MAC,FR,Functional,0.5
270,F0_REQ_00271,The PSAM in the POS device generates a merchant acquirer S5 MAC for the transaction and a new S4 MAC for the batch total count and amount and logs the transaction. The amount of the canceled last purchase transaction is subtracted from the header amount. The transaction is kept in a data store associated with the POS device until the merchant acquirer collects it,FR,Functional,0.5
271,F0_REQ_00272,"A credit command,which contains the S2 MAC computed by the PSAM using the session key,is sent to the CEP card",FR,Functional,0.5
272,F0_REQ_00273,The CEP card authenticates the terminal using the S2 MAC and the session key from the purchase transaction being cancelled. The CEP card increments the value of the purse and logs the transaction. The CEP card verifies that the cancellation amount is equal to the amount of the last step of the purchase transaction,FR,Functional,0.5
273,F0_REQ_00274,A transaction collection process must exist. Data being transmitted from the POS devices must be transmitted in a manner that ensures integrity of the data,FR,Functional,0.5
274,F0_REQ_00275,The batch is sent to the merchant acquirer. Delivery may involve transmission to multiple intermediate locations or it may be direct to the merchant acquirer,FR,Functional,0.5
275,F0_REQ_00276,The merchant acquirer validates the batch to ensure that it has been transmitted correctly and enters it into the log,FR,Functional,0.5
276,F0_REQ_00277,"If the business rules allow this transaction is to be aggregated,the PSAM must determine if it has an aggregation record for the card issuer. If the PSAM does not have an aggregation record for the card issuer,a new aggregation record for the card issuer must be created",FR,Functional,0.5
277,F0_REQ_00278,The aggregated totals by card issuer must be transmitted to the merchant acquirer at the same time and manner as the non-aggregated detail transactions in the batch,FR,Functional,0.5
278,F0_REQ_00279,"Each POS transaction completed at the POS device is given a S5 MAC by the PSAM,which is used by the merchant acquirer to validate that the transactions were made at a POS device with a valid PSAM. The batch total count and amount must be protected by the S4 MAC,which must also be validated by the merchant acquirer",FR,Functional,0.5
279,F0_REQ_00280,"The merchant acquirer validates the PSAM??s MACs prior to accepting the POS transactions for payment. In addition,selected data elements are validated to ensure correct processing by the POS device and its PSAM",FR,Functional,0.5
280,F0_REQ_00281,"Each purchase transaction is signed by the CEP card with a S6 MAC,which is used by the card issuer to validate that the transaction was made with a legitimate,not counterfeit,CEP card. The card issuer validates the CEP card??s MAC",FR,Functional,0.5
281,F0_REQ_00282,"Payment decisions are based on signature validations,scheme provider rules,and merchant and merchant acquirer agreements",FR,Functional,0.5
282,F0_REQ_00283,"After investigation,if the merchant acquirer decides,based on scheme rules,to accept the transactions,a method must exist to settle them and forward them to the card issuer",FR,Functional,0.5
283,F0_REQ_00284,"A transaction that passes merchant acquirer validations and is forwarded to the card issuer is paid for by the card issuer. If the transaction does not pass card issuer validations,the card issuer may follow the scheme provider??s dispute procedures",FR,Functional,0.5
284,F0_REQ_00285,"Pay on detail is the default payment arrangement for merchant acquirers to provide payment to their merchants. In this arrangement,the merchant acquirer relies on the POS transaction S5 MAC to determine acceptance. Merchants are paid only for valid POS transactions",FR,Functional,0.5
285,F0_REQ_00286,POS transactions that were rejected for payment by the merchant acquirer are flagged with an error code indicating the type of validation failure and are forwarded to the card issuer for CEP card history information only,NFR,Reliability,0.5
286,F0_REQ_00287,All load transactions are on-line transactions. Authorization of funds for load transactions must require a form of cardholder verification. The load device must support on-line encrypted PIN or off-line PIN verification,FR,Functional,0.5
287,F0_REQ_00288,Off-line PIN verification must include both encrypted and unencrypted PIN,FR,Functional,0.5
288,F0_REQ_00289,The card verification method indicator (CVMI) in the CEP card must specify support of online PIN verification and at least one method of off-line PIN verification (encrypted or unencrypted),FR,Functional,0.5
289,F0_REQ_00290,"Since these transactions are on-line to the issuer,the issuer has the opportunity to lock the card or the application. These transactions are not available to a card that has already been locked",FR,Functional,0.5
290,F0_REQ_00291,Card issuers must inform their cardholders as to which currencies they support in electronic purses,FR,Functional,0.5
291,F0_REQ_00292,Load acquirers must determine the currencies that they must support for load transaction,FR,Functional,0.5
292,F0_REQ_00293,"The CEP application must contain data that indicates the presence of a linked financial institution. If a linked financial institution is established for the CEP application,then linked loads must be allowed and data in the application must indicate whether linked loads are supported",FR,Functional,0.5
293,F0_REQ_00294,"Flexibility is required to accommodate the variety of environments where unlinked loads may be implemented. As a result,the design specification must not preclude dual-leg transactions** from taking place either sequentially or in parallel. The design of a given implementation will vary depending on the device,host,and network capabilities",FR,Functional,0.5
294,F0_REQ_00295,"Unload and currency exchange transactions are optional for CEP card issuers. The CEP card must indicate whether the card issuer supports these transactions. However,if a card issuer issues multi-currency capable cards,it must provide its cardholder with a facility to remove any remaining value. As a result,if a card issuer supports loading of multiple currencies onto a card,then it must support the unload or currency exchange transaction or both",FR,Functional,0.5
295,F0_REQ_00296,The card issuer must establish its policies for assigning and adjusting slot maximum balances. These policies may require the card issuer to maintain a card database,FR,Functional,0.5
296,F0_REQ_00297,"Currency exchange rate fluctuations may increase the card issuers liability. The card issuer must be able to adjust maximum balances to bring them in line with their policies. The card issuer may update the maximum balances as part of a load,a partial unload,and a currency exchange transaction. On a currency exchange transaction,only the ??to? currency maximum balance may be updated",FR,Functional,0.5
297,F0_REQ_00298,"A CEP card may contain currencies that the load acquirer does not support. As a result,load devices must use the alphabetic issuer-supplied currency code and currency exponent from the CEP slot(s) to display the source amounts for the currency conversion transaction",FR,Functional,0.5
298,F0_REQ_00299,Card issuers must provide an alphabetic currency code in each message that establishes a new currency. This alphabetic currency code and the currency exponent will be used by the load device to display currency balances. This allows the cardholder to identify the currency being displayed,FR,Functional,0.5
299,F0_REQ_00300,"Script messages that conform to EMV specifications may be included as part of load,unload and currency exchange messages from the card issuer to the CEP card. An update key must be used when card parameters are changed. Script messages may be sent to the CEP card either before or after the credit for load,debit of unload and currency exchange commands",FR,Functional,0.5
300,F0_REQ_00301,All on-line messages must have the ability to include card issuer discretionary data from the CEP card,FR,Functional,0.5
301,F0_REQ_00302,The card issuer must notify the cardholder if the assessment of service fees by the card issuer during the currency exchange transaction may result in a balance of zero after the transaction has completed,FR,Functional,0.5
302,F0_REQ_00303,The card issuer must have the ability to deactivate a CEP application in the response to a load or currency exchange transaction,FR,Functional,0.5
303,F0_REQ_00304,"The CEP card may support multiple currencies. Each currency occupies a ??slot? within the CEP. The slots are defined by the currency supported. The currency for an individual slot is determined during load or currency exchange. Currency exchange could apply to a single slot,and then only for the total balance",FR,Functional,0.5
304,F0_REQ_00305,"It is a card issuer??s decision to determine the currencies that are allowed to occupy slots in the CEP card. This decision is made by the card issuer during the load or currency exchange transaction,by approving or rejecting the request to authorize the transaction",FR,Functional,0.5
305,F0_REQ_00306,A single currency cannot occupy more than one slot. The CEP card must not permit a slot to be assigned a currency if another slot in the CEP card has already been assigned to that currency,FR,Functional,0.5
306,F0_REQ_00307,"The CEP card limits each slot to a maximum balance. The maximum balance for a slot is established when a currency is assigned to the slot,and is determined externally by the card issuer or by CEP card data which indicates a maximum balance in a reference currency. There is no requirement that all slot maximums have the same relative value,and there is no requirement for the card to maintain a maximum total value",FR,Functional,0.5
307,F0_REQ_00308,Only one version of the CA public key is required in the card. This requires that the PSAMs with which the CEP card exchanges cryptograms must be capable of generating and validating cryptograms using the relevant keys from all current cards,FR,Functional,0.5
308,F0_REQ_00309,"Two-way,or mutual,authentication,where the card authenticates the terminal and the terminal authenticates the card for each transaction,must be performed for off-line transactions",FR,Functional,0.5
309,F0_REQ_00310,"For increased security and convenience,asymmetric cryptography must be used as the authentication security for off-line transactions",FR,Functional,0.5
310,F0_REQ_00311,"The card must authenticate the terminal at the point of sale,ensuring that it is genuine and valid,and use a two-way authentication process",FR,Functional,0.5
311,F0_REQ_00312,"The terminal must authenticate the card and the transaction at the point of sale,ensuring that they are genuine and valid",FR,Functional,0.5
312,F0_REQ_00313,The terminal must participate in a two-way authentication process with the card,FR,Functional,0.5
313,F0_REQ_00314,"For cancel last purchase transactions,the terminal must validate the card and sign the cancellation",FR,Functional,0.5
314,F0_REQ_00315,The terminal must secure transactions by retaining the card??s symmetric MACing key signature as part of the transaction,FR,Functional,0.5
315,F0_REQ_00316,The terminal must generate a symmetric MACing key signature and send it to the merchant acquirer,FR,Functional,0.5
316,F0_REQ_00317,"Incremental purchase transactions must use two-way authentication for the initial session authentication,and at least one-way,with the terminal authenticating the card,for the remaining increments or some of the remaining increments",FR,Functional,0.5
317,F0_REQ_00318,Load and unload functions must be authenticated using end-to-end security between the card and the card issuer,FR,Functional,0.5
318,F0_REQ_00319,The issuer host must authenticate the card upon the load/unload request,FR,Functional,0.5
319,F0_REQ_00320,The card must authenticate the issuer host upon the response to the request,FR,Functional,0.5
320,F0_REQ_00321,A proof must be sent to the load acquirer that a load or unload occurred to avoid repudiation,FR,Functional,0.5
321,F0_REQ_00322,"The management of keys must be accomplished in a secure,certified environment",FR,Functional,0.5
322,F0_REQ_00323,"There may be multiple certification authorities that manage keys for the system,including the possibility of one overall highest level certification authority (perhaps on an international level),and domestic certification authorities for each country or region",FR,Functional,0.5
323,F0_REQ_00324,"The system must protect the integrity of key transaction data including transaction identification,currency code and amount. If tampering is suspected,the system must cause the transaction to fail",FR,Functional,0.5
324,F0_REQ_00325,Expired cards must not be used for loading electronic value,FR,Functional,0.5
325,F0_REQ_00326,"The time period during which a cardholder can unload electronic value,perform a purchase or a currency exchange from an expired card may be determined by each issuer",FR,Functional,0.5
326,F0_REQ_00327,"Consumers must be able to load electronic value to their cards at any participating load device,regardless of the location,provided that the currency that is requested is supported by the acquirer and the card issuer",FR,Functional,0.5
327,F0_REQ_00328,"Funds issuers must accept funds authorization requests,regardless of the load currency type,as permitted",FR,Functional,0.5
329,F0_REQ_00330,Authorizations for load transactions require a form of cardholder authentication for funds requests,NFR,Security,0.5
330,F0_REQ_00331,The load device must support on-line PIN encryption or off-line PIN verification,FR,Functional,0.5
331,F0_REQ_00332,The load device which supports only off-line PIN verification must support both the off-line PIN encryption method and the off-line PIN plain text verification method as defined in EMV,FR,Functional,0.5
332,F0_REQ_00333,"Unload transactions do not require cardholder authentication. (However,an acquirer??s devices may be configured such that authentication is required for access.)",NFR,Security,0.5
345,F0_REQ_00346,"The primary goal of the GlobalPlatform is to ensure the security and integrity of the card's components for the life of the card. These components are The runtime environment,The OPEN,The Issuer Security Domain,Supplementary Security Domains, The Applications.",NFR,Security,0.5
346,F0_REQ_00347,"To ensure card security and integrity, the GlobalPlatform is designed to support a range of secure mechanisms for: Data integrity, Resource availability, Confidentiality, Authentication.",NFR,Security,0.5
347,F0_REQ_00348,"The Card Issuer is responsible for Generating and loading the Issuer Security Domain keys,",NFR,Security,0.5
348,F0_REQ_00349,"The Card Issuer is responsible for Enforcing standards and policies for Application Providers governing all aspects of Applications to be provided to the Card Issuer or operated on the Card Issuer's cards,",FR,Functional,0.5
349,F0_REQ_00350,"The Card Issuer is responsible for Working with Application Providers to create and initialize Security Domains other than the Issuer Security Domain,",FR,Functional,0.5
350,F0_REQ_00351,"The Card Issuer is responsible for Determining policy with regards to card and Application Life Cycle management, velocity checking levels, privileges, and other security parameters,",NFR,Security,0.5
351,F0_REQ_00352,The Card Issuer is responsible for Managing the application code loading and installing both on a Pre-Issuance and Post-Issuance basis,FR,Functional,0.5
352,F0_REQ_00353,"The Card Issuer is responsible for Cryptographically authorizing load, install, and extradition to be performed by Application Providers.",FR,Functional,0.5
353,F0_REQ_00354,"The Application Provider is responsible for Generating the keys for its own Security Domains or obtaining Security Domain keys from a trusted third party,",FR,Functional,0.5
354,F0_REQ_00355,"The Application Provider is responsible for Working with the Card Issuer to load generated keys into the Application Provider's Security Domain,",FR,Functional,0.5
355,F0_REQ_00356,"The Application Provider is responsible for Providing applications that meet the Card Issuer's security standards and policies,",FR,Functional,0.5
356,F0_REQ_00357,"The Application Provider is responsible for Providing load file data block signatures according to its own security policy for integrity and source authenticity,",FR,Functional,0.5
357,F0_REQ_00358,"The Application Provider is responsible for Obtaining pre-authorization for load, install, and extradition from the Card Issuer,",FR,Functional,0.5
358,F0_REQ_00359,"The Application Provider is responsible for Returning receipts for load, install, delete, and extradition, according to the Card Issuer's policy.",FR,Functional,0.5
359,F0_REQ_00360,"A Controlling Authority is responsible for Generating the keys for its own Security Domain or obtaining Security Domain keys from a trusted third party,",NFR,Security,0.5
360,F0_REQ_00361,"A Controlling Authority is responsible for Working with the Card Issuer to load generated keys into the Controlling Authority's Security Domain,",NFR,Security,0.5
361,F0_REQ_00362,A Controlling Authority is responsible for Providing load file data block signatures according to its own security policy for integrity and source authenticity.,NFR,Security,0.5
362,F0_REQ_00363,"The runtime environment is responsible for Providing an interface to all Applications that ensures that the runtime environment security mechanisms cannot be bypassed, deactivated, corrupted or otherwise circumvented,",NFR,Security,0.5
363,F0_REQ_00364,The runtime environment is responsible for Performing secure memory management,NFR,Performance,0.7
368,F0_REQ_00369,The runtime environment is responsible for Providing communication services with off-card entities that ensures the proper transmission (according to the specific communication protocol rules) of unaltered command and response messages.,FR,Functional,0.5
379,F0_REQ_00380,Security Domains enforce the security policies of their off-card Security Domain Provider.,FR,Functional,0.5
394,F0_REQ_00395,"One of the major requirements for a GlobalPlatform card is the ability to provide a minimum level of cryptographic functionality. This cryptography is, for example, used for the generation of signatures, and is available for use by the Applications present on the card.",FR,Functional,0.5
398,F0_REQ_00399,A GlobalPlatform card may also support asymmetric cryptography such as the Rivest / Shamir / Adleman (RSA) algorithm.,FR,Functional,0.5
400,F0_REQ_00401,It is the responsibility of the Card Issuer or the Controlling Authority to set up the appropriate off-card procedures to comply with the governmental restrictions upon cryptography. Features to disable or restrict cryptography usage by Applications on a card are beyond the scope of this Specification.,FR,Functional,0.5
401,F0_REQ_00402,The Load File Data Block Hash is intended to verify the integrity of a complete Load File Data Block when loaded to a GlobalPlatform card.,FR,Functional,0.5
402,F0_REQ_00403,The Load File Data Block Hash is used in the computation of The Load File Data Block Signature,FR,Functional,0.5
403,F0_REQ_00404,The Load File Data Block Hash is used in the computation of The Load Token,FR,Functional,0.5
406,F0_REQ_00407,The appropriate Security Domain may generate Receipts during Delegated Management.,NFR,Security,0.5
407,F0_REQ_00408,A GlobalPlatform card may provide security services related to information exchanged between the card and an offcard entity.,FR,Functional,0.5
408,F0_REQ_00409,The security level of the communication with an off-card entity does not necessarily apply to each individual message being transmitted but can only apply to the environment and/or context in which messages are transmitted.,NFR,Security,0.5
409,F0_REQ_00410,The concept of the Life Cycle of the card (see section 5.1 - Card Life Cycle) may be used to determine the security level of the communication between the card and an off-card entity.,NFR,Security,0.5
410,F0_REQ_00411,"A GlobalPlatform card offers Entity authentication - in which the card or the off-card entity proves its authenticity to the other entity through a cryptographic exchange,",NFR,Security,0.5
411,F0_REQ_00412,"A GlobalPlatform card offers Integrity and authentication - in which the receiving entity (the card or off-card entity) ensures that the data being received from the sending entity (respectively the off-card entity or card) actually came from an authenticated entity in the correct sequence and has not been altered,",NFR,Security,0.5
412,F0_REQ_00413,A GlobalPlatform card offers Confidentiality - in which data being transmitted from the sending entity (the off-card entity or card) to the receiving entity (respectively the card or off-card entity) is not viewable by an unauthenticated entity.,FR,Functional,0.5
413,F0_REQ_00414,"The life cycle models is responsible to functionality and security of Card, Executable Load Files, Executable Modules, Security Domains, and Applications.",NFR,Security,0.5
421,F0_REQ_00422,The off-card entity under the OP_READY state may insert Security Domain keys in order to maintain a cryptographic key separation from the Issuer Security Domain keys,NFR,Security,0.5
422,F0_REQ_00423,The SECURED state may be used to enforce the relevant security policies of the security domain and applications,NFR,Security,0.5
428,F0_REQ_00429,"The GlobalPlatform Environment (OPEN) supports Command Dispatch functions (Application and Security Domain selection, (Optional) Logical channel management, Command dispatching) if the underlying runtime environment does not support them:",NFR,Security,0.5
429,F0_REQ_00430,"The GlobalPlatform Environment (OPEN) supports Card Content Management functions (Content verification, Content loading, Content installation, Content removal, Access control rules for card content management) if the underlying runtime environment does not support them:",NFR,Security,0.5
430,F0_REQ_00431,"The GlobalPlatform Environment (OPEN) supports Security Management functions (Security Domain locking and unlocking, Application locking and unlocking, Card locking and unlocking, Card termination, Privilege usage, Security Domain, privilege usage, Tracing and event logging) if the underlying runtime environment does not support them:",NFR,Security,0.5
431,F0_REQ_00432,The GlobalPlatform Environment (OPEN) supports GlobalPlatform Trusted Framework functions (Secure inter-application communication) if the underlying runtime environment does not support them:,FR,Functional,0.5
432,F0_REQ_00433,The GlobalPlatform Registry is a data store required to support the various system functions of the GlobalPlatform.,FR,Functional,0.5
433,F0_REQ_00434,Applications and Security Domains may access andor modify some content known or managed by the OPEN.,NFR,Security,0.5
436,F0_REQ_00437,The SELECT [by name] command is processed by the OPEN.,FR,Functional,0.5
443,F0_REQ_00444,"For commands that are dispatched to an Application, it is the responsibility of the Application to correctly reject commands that it does not recognize, expect or cannot process.",FR,Functional,0.5
445,F0_REQ_00446,The Issuer Security Domain is by default the implicitly selectable Application on all logical channels of all card I/O interfaces supported by the card. Implicit selection on a specific logical channel of a specific card I/O interface may be assigned only if the Issuer Security Domain is the implicitly selectable Application on that logical channel of that card I/O interface and no other Locked Application is registered as implicitly selectable for the same logical channel and card I/O interface,NFR,Security,0.5
446,F0_REQ_00447,"An Application installed or made selectable with a specific Implicit Selection parameter is registered in the GlobalPlatform Registry as the implicitly selectable Application on the logical channel(s) of the card I/O interface(s) indicated in the parameter if no other Application (other than the Issuer Security Domain) is already registered as implicitly selectable on that logical channel(s) of that card I/O interface(s),",NFR,Security,0.5
447,F0_REQ_00448,"An Application installed or made selectable with the Card Reset privilege and no Implicit Selection parameter is registered in the GlobalPlatform Registry as the implicitly selectable Application on the Basic Logical Channel for all card I/O interfaces supported by the card if no other Application (other than the Issuer Security Domain) is already registered as implicitly selectable on the Basic Logical Channel of any card I/O interface,",NFR,Security,0.5
448,F0_REQ_00449,"If an Application implicitly selectable on specific logical channel(s) of specific card I/O interface(s) is deleted, the Issuer Security Domain becomes the implicitly selectable Application on that logical channel(s) of that card I/O interface(s).",NFR,Security,0.5
453,F0_REQ_00454,The OPEN may also support additional selection processes.,FR,Functional,0.5
455,F0_REQ_00456,"As multiple Applications on the card may have the same partial AID, it is required that a method exists to select all Applications matching the partial AID.",FR,Functional,0.5
461,F0_REQ_00462,"For both the SELECT [by name] [first or only occurrence] command and the SELECT [by name] [next occurrence] command, an Application becomes the selected Application on the Basic Logical Channel if: The requested AID matches (fully or partially) the Application’s AID, The Application being selected is in the correct Life Cycle State, The Application has no restrictions due to multi-selection, and supports the current card interface.",FR,Functional,0.5
462,F0_REQ_00463,"In the card Life Cycle State CARD_LOCKED: - If the Application being selected has the Final Application privilege, this Application is re-selected and a warning is returned to the off-card entity, - If any other Application is being selected, the Application with the Final Application privilege remains selected and an error is returned to the off- card entity,",FR,Functional,0.5
464,F0_REQ_00465,"If a SELECT [by name] [first or only occurrence] is received, the search always begins from the start of the GlobalPlatform Registry,",FR,Functional,0.5
465,F0_REQ_00466,"If a SELECT [by name] [next occurrence] is received, the search always begins from the entry following the currently selected Application on the Basic Logical Channel in the GlobalPlatform Registry,",FR,Functional,0.5
472,F0_REQ_00473,At any time during a Card Session the OPEN may receive a request on the Basic Logical Channel to either open or close a Supplementary Logical Channel.,FR,Functional,0.5
474,F0_REQ_00475,"On cards that support logical channels, if a MANAGE CHANNEL [open] is received: If an Application is designated as implicitly selectable on the new Supplementary Logical Channel for the current card interface, that Application is implicitly selected on the newly opened Supplementary Logical Channel and runtime behavior requirements apply, Otherwise the Application designated as implicitly selectable on the Basic Logical Channel for this card interface is implicitly selected on the newly opened Supplementary Logical Channel and runtime behavior requirements apply.",FR,Functional,0.5
475,F0_REQ_00476,"On cards that support logical channels, if a MANAGE CHANNEL [close] is received, terminate the Application Session currently selected on the Supplementary Logical Channel indicated by the command and then close that logical channel. The Basic Logical Channel can never be closed.",FR,Functional,0.5
476,F0_REQ_00477,"If the card is in the Life Cycle State CARD_LOCKED or TERMINATED, return the appropriate error.",FR,Functional,0.5
479,F0_REQ_00480,"Once an Application becomes the selected Application on the Basic Logical Channel, the responsibility for subsequent command dispatching still rests with the OPEN.",FR,Functional,0.5
480,F0_REQ_00481,"On cards that are aware of logical channels, the MANAGE CHANNEL commands are only processed by the OPEN and are not dispatched to an Application.",FR,Functional,0.5
481,F0_REQ_00482,All other commands (including the MANAGE CHANNEL commands on cards that are not aware of logical channels or SELECT commands not described in section 6.4.2.1.2 - Explicit Selection) are immediately dispatched to the Application currently selected on the Basic Logical Channel. The processing of the command by the Application is beyond the scope of this Specification.,FR,Functional,0.5
483,F0_REQ_00484,The OPEN may also support additional selection processes.,FR,Functional,0.5
487,F0_REQ_00488,"For both the SELECT [by name] [first or only occurrence] command and the SELECT [by name] [next occurrence] command, an Application becomes the selected Application on the Supplementary Logical Channel if: The requested AID matches (fully or partially) the Application’s AID, The Application being selected is in the correct Life Cycle State, The Application has no restrictions due to multi-selection, and supports the current card interface.",FR,Functional,0.5
488,F0_REQ_00489,"If the card is in the Life Cycle State CARD_LOCKED or TERMINATED: - Close the Supplementary Logical Channel, if currently open, - Return the appropriate error,",FR,Functional,0.5
490,F0_REQ_00491,"If a SELECT [by name] [first or only occurrence] is received, the search always begins from the start of the GlobalPlatform Registry,",FR,Functional,0.5
491,F0_REQ_00492,"If a SELECT [by name] [next occurrence] is received, the search always begins from the entry following the currently selected Application on this Supplementary Logical Channel in the GlobalPlatform Registry,",FR,Functional,0.5
497,F0_REQ_00498,"At any time on an open Supplementary Logical Channel the OPEN may receive a request to either open or close a Supplementary Logical Channel. If a MANAGE CHANNEL [open] is received and the Application selected on the original Supplementary Logical Channel has no multi-selection restrictions, this Application becomes the selected Application on the newly opened Supplementary Logical Channel. If a MANAGE CHANNEL [close] is received, terminate the Application Session currently selected on the Supplementary Logical Channel indicated by the command and then close that logical channel. The Basic Logical Channel can never be closed.",FR,Functional,0.5
498,F0_REQ_00499,"If the card is in the Life Cycle State CARD_LOCKED or TERMINATED, return the appropriate error,",FR,Functional,0.5
502,F0_REQ_00503,"Once an Application becomes the selected Application on a Supplementary Logical Channel, the responsibility for subsequent command dispatching still rests with the OPEN.",FR,Functional,0.5
503,F0_REQ_00504,The MANAGE CHANNEL commands are only processed by the OPEN and are not dispatched to an Application.,FR,Functional,0.5
504,F0_REQ_00505,All other commands (including SELECT commands not described in section 6.4.3.1.2 - Explicit Selection) are immediately dispatched to the Application currently selected on the Supplementary Logical Channel. The processing of the command by the Application is beyond the scope of this Specification.,FR,Functional,0.5
505,F0_REQ_00506,"The GlobalPlatform Registry is used to: Store card management information, Store relevant application management information (e.g., AID, associated Security Domain and Privileges), Support card resource management data, Store Application Life Cycle information, Store card Life Cycle information, Track any counters associated with logs.",NFR,Security,0.5
506,F0_REQ_00507,"The contents of the GlobalPlatform Registry may be updated in response to: An internal OPEN invoked action, An authorized Application invoked action.",FR,Functional,0.5
509,F0_REQ_00510,An Application AID may be the same as that of an Executable Module but may not be the same as that of an Executable Load File or the same as another Application already present in the GlobalPlatform Registry.,FR,Functional,0.5
510,F0_REQ_00511,This AID may be specified in a SELECT command to select the Application. It is not possible to select Executable Load Files or Executable Modules.,FR,Functional,0.5
519,F0_REQ_00520,A new stylistic map must have the right dimensions.,FR,Functional,0.5
520,F0_REQ_00521,A new stylistic map must be geographically correct.,FR,Functional,0.5
521,F0_REQ_00522,News will be restricted to what is available in the feeds on the list of news RSS-feeds.,FR,Functional,0.5
522,F0_REQ_00523,Agenda will be restricted to what is available in the feeds on the list of agenda RSS-feeds.,FR,Functional,0.5
523,F0_REQ_00524,Information about a certain person will be restricted to what is available on the employee pages of the TU/e Encyclopedia.,FR,Functional,0.5
524,F0_REQ_00525,The information and the search methods of the Encyclopedia-app will be restricted to the services provided by the MediaWiki of the TU/e Encyclopedia.,FR,Functional,0.5
525,F0_REQ_00526,The information and the search methods of the Student Handbook-app will be restricted depending on file format of the handbook-information.,FR,Functional,0.5
527,F0_REQ_00528,"System dependability ensures users are informed of any issues for trusted system performance , measured during testing and prioritized highly.",NFR,Performance,0.5
528,F0_REQ_00529,"The application should ideally use less than 10 MB of storage space, with a hard limit of 20 MB.",NFR,Performance,0.5
529,F0_REQ_00530,"The applications memory usage on the mobile operating system should ideally be below 10 MB, with a strict limit of 20 MB during operation.",NFR,Performance,0.7
530,F0_REQ_00531,"The system should reliably deliver accurate search results in over 98% of cases, aiming for 99% or even perfect accuracy during operation",NFR,Reliability,0.5
531,F0_REQ_00532,"The system should be accessible to users more than 98% of the time, ideally aiming for 99% or even continuous uptime.",NFR,Security,0.7
532,F0_REQ_00533,The application requires an internet connection to function.,FR,Functional,0.5
533,F0_REQ_00534,The application requires a GPS connection for functionality.,FR,Functional,0.5
535,F0_REQ_00536,The restaurant owner login system must always prevent unauthorized access by notifying users of failed login attempts with non-existent accounts.,FR,Functional,0.5
536,F0_REQ_00537,The admin login system must always block unauthorized access and notify admins of failed login attempts with non-existent accounts.,FR,Functional,0.5
537,F0_REQ_00538,"To prevent unauthorized access, restaurant owner accounts will be locked for 30 minutes after three failed login attempts, disabling login functionality during that period.",FR,Functional,0.5
538,F0_REQ_00539,"Admin accounts will be secured by a 30-minute lockout following three failed login attempts, preventing access from that IP address during the lockout period.",FR,Functional,0.5
539,F0_REQ_00540,"The system will enforce unique usernames during user account creation, prompting users to choose a different username if their desired one is already taken.",FR,Functional,0.5
540,F0_REQ_00541,"Restaurant owner account creation prioritizes security by enforcing unique usernames, requiring them to choose a different option if their desired name is unavailable.",NFR,Security,0.5
542,F0_REQ_00543,The application will require well-defined test environments to ensure thorough testing of its various functionalities.,FR,Functional,0.5
545,F0_REQ_00546,"The system will be developed using Waterfall methodology, Object-Oriented Programming in Java, targeting Android devices 2.3 onwards with a mandatory internet connection.",FR,Functional,0.5
546,F0_REQ_00547,​ The system will be designed in such a way that the algorithms for the four main units will be able to be easily swapped out.,FR,Functional,0.5
547,F0_REQ_00548,The overall accuracy of the Web API’s response will be measured using a developer-made testing set.,FR,Functional,0.5
550,F0_REQ_00551,The system will be designed in such a way that the algorithms for the four main units will be easily swapped out.,FR,Functional,0.5
553,F0_REQ_00554,"The connection between the Web API and the programs will use HTTPS, for security.",FR,Functional,0.5
554,F0_REQ_00555,A new user will make less than 3 mistakes in 5 minutes after 5 minutes of use.,FR,Functional,0.5
564,F0_REQ_00565,Application prioritizes fast network response as it relies heavily on data retrieval rather than phone processing power.,FR,Functional,0.5
584,F0_REQ_00585,The development team will follow best practices for clean code and software modularity in order to make the application as maintainable as possible.,FR,Functional,0.5
585,F0_REQ_00586,Users will be able to access this application on or off campus anytime on their mobile device without the need of an internet connection.,FR,Functional,0.5
588,F0_REQ_00589,The system will be designed in such a way that the algorithms for the four main units will be able to be easily swapped out.,FR,Functional,0.5
589,F0_REQ_00590,The overall accuracy of the Web API’s response will be measured using a developer-made testing set.,FR,Functional,0.5
595,F0_REQ_00596,"The connection between the Web API and the programs will use HTTPS, for security.",FR,Functional,0.5
596,F0_REQ_00597,A new user will make less than 3 mistakes in 5 minutes after 5 minutes of use.,FR,Functional,0.5
599,F0_REQ_00600,"SplitPay will prioritize user safety by ensuring it doesn't interfere with other apps or data, and in the future, the application will warn users against using it when focus is critical.",FR,Functional,0.5
601,F0_REQ_00602,"SplitPay's user interface will prioritize usability and clarity, featuring a visually-appealing design and leveraging informative notifications and pop-ups to guide users in the future.",FR,Functional,0.5
602,F0_REQ_00603,"The system will prioritize error-free expense splitting calculations while offering full app functionality offline, caching financial data until reconnected.",FR,Functional,0.5
615,F0_REQ_00616,The default language of insErtion will be English.,FR,Functional,0.5
809,F0_REQ_00810,Users can permanently delete their accounts and access to the system.,FR,Functional,0.5
819,F0_REQ_00820,"This system will convert an input question about a specific entity and property (e.g., building closing time) into a generic answer sentence (e.g., building closes at specific time).",FR,Functional,0.5
826,F0_REQ_00827,"If the database has no closing time for Rush Building, the system will inform the user and provide the Drexel University website for further information.",FR,Functional,0.5
828,F0_REQ_00829,A MySQL database will be used to store all information required to answer questions.,FR,Functional,0.5
830,F0_REQ_00831,The database will use the generic representations from R4.2.2.1 as table names or column headers for easier retrieval of data.,FR,Functional,0.5
831,F0_REQ_00832,The database will be updated periodically and the API will be unavailable during the update.,FR,Functional,0.5
832,F0_REQ_00833,Structural data sources will have their data stored in our database,FR,Functional,0.5
833,F0_REQ_00834,"For data with enough structuring, web scraping will be used to programmatically extract all the data needed and store it in our database.",FR,Functional,0.5
834,F0_REQ_00835,"For totally unstructured information, AI libraries will be used to programmatically extract and store any information possible",FR,Functional,0.5
835,F0_REQ_00836,"Data that is especially hard to extract, for whatever reason, will be manually extracted and added to the database by a developer.",FR,Functional,0.5
836,F0_REQ_00837,The GUI will have a textbox that will accept inputs from a keyboard.,FR,Functional,0.5
837,F0_REQ_00838,"Text box will originally contain a suggestive text question, to guide the user to the format of an appropriate question.",FR,Functional,0.5
838,F0_REQ_00839,The GUI will have a “Send” button which sends text from the textbox to the API when clicked,FR,Functional,0.5
839,F0_REQ_00840,The GUI will have a chat window displaying questions sent to the system and responses from the API.,FR,Functional,0.5
840,F0_REQ_00841,"The chat window will contain all questions and answers from the current session, with a scroll bar if all messages can’t fit on the screen.",FR,Functional,0.5
841,F0_REQ_00842,"If there is a network issue, the chat window will display an error message.",FR,Functional,0.5
844,F0_REQ_00845,"If a question is not understood by our API, the system will send a text containing an example question after the text with the API response.",FR,Functional,0.5
850,F0_REQ_00851,After installing the Application from iTunes or the App store the user will be asked to login.,FR,Functional,0.5
852,F0_REQ_00853,"The user will be able to browse a variety of clothing categories, including outerwear, activewear, and eco-friendly options.",FR,Functional,0.5
857,F0_REQ_00858,After installing the Application from iTunes or the App store the user will be asked to login.,FR,Functional,0.5
860,F0_REQ_00861,The search feature will display either search results or a no matches found message depending on the query's success.,FR,Functional,0.5
871,F0_REQ_00872,"Users are not able to safely operate the device under certain conditions, such as while driving.",FR,Functional,0.5
884,F0_REQ_00885,"Users can enable email confirmation for username or password changes, requiring a click to finalize the update.",NFR,Security,0.5
942,F0_REQ_00943,Citizens can file complaints with the police.,FR,Functional,0.5
943,F0_REQ_00944,The police will then investigate the complaint based on evidence and facts.,FR,Functional,0.5
944,F0_REQ_00945,Interfacing with the courts during the prosecution of cases is an integral part of the responsibilities of police personnel.,FR,Functional,0.5
960,F0_REQ_00961,The System must allow the user to limit access to cases to specified users or user groups.,FR,Functional,0.5
963,F0_REQ_00964,The System must allow only admin-users to set up user profiles and allocate users to groups.,FR,Functional,0.5
964,F0_REQ_00965,The System must allow a user to stipulate which other users or groups can access cases.,FR,Functional,0.5
965,F0_REQ_00966,"The System must allow changes to security attributes for groups or users (such as access rights, security level, privileges, password allocation and management) to be made only by super-user.",FR,Functional,0.5
969,F0_REQ_00970,"All error messages produced by the System must be meaningful, so that they can be appropriately acted upon by the users who are likely to see them.",FR,Functional,0.5
972,F0_REQ_00973,"The System must be able to display several entities (cases, suspects) simultaneously.",FR,Functional,0.5
974,F0_REQ_00975,The System must provide End User and Administrator functions which are easy to use and intuitive throughout.,FR,Functional,0.5
992,F0_REQ_00993,The System must be available to users on all weekdays/xxx days per year.,FR,Functional,0.5
996,F0_REQ_00997,The System must provide adequate response times for commonly performed functions under both standard and peak conditions,FR,Functional,0.5
997,F0_REQ_00998,The application must be able to link up with the INTERNAL system in order for users to properly log in and be identified.,FR,Functional,0.5
1010,F0_REQ_01011,The system will do periodic backups through a live internet connection.,FR,Functional,0.5
1021,F0_REQ_01022,The system will employ on demand asynchronous loading for faster execution of pages.,FR,Functional,0.5
1110,F0_REQ_01111,The MultiMahjongServer will have no graphical user interface and will be run using a command prompt.,FR,Functional,0.5
1111,F0_REQ_01112,The MultiMahjongServer will have a graphical user interface with which the administrator of the server can get log information and change game settings.,FR,Functional,0.5
1112,F0_REQ_01113,The MultiMahjongClient will have a graphical user interface that the user will be able to interact with using a mouse and a keyboard.,FR,Functional,0.5
1113,F0_REQ_01114,The MultiMahjongClient will have sound effects associated with the game actions.,FR,Functional,0.5
1115,F0_REQ_01116,All graphics will be in 16 bit colour.,FR,Functional,0.5
1116,F0_REQ_01117,"When a button becomes active, it will use animation to get the user's attention.",FR,Functional,0.5
1117,F0_REQ_01118,"When a player performs a Chow/Pung/Kong/Mahjong, the tiles involved will be animated.",FR,Functional,0.5
1118,F0_REQ_01119,The user may click in the frame that contains the remaining wall and a frame showing the discarded tiles will be shown.,FR,Functional,0.5
1119,F0_REQ_01120,"An administrators manual, explaining how to install and operate the MultiMahjongServer, will be provided.",FR,Functional,0.5
1120,F0_REQ_01121,"A users manual, explaining how to install and operate the MultiMahjongClient, will be provided.",FR,Functional,0.5
1121,F0_REQ_01122,"This documentation will be available in electronic files, and, with the exception of source code, in hard copy format.",FR,Functional,0.5
1122,F0_REQ_01123,The MultiMahjongServer will be designed to reside on a central computer (server) that is connected to a TCP/IP network and has a unique IP address.,FR,Functional,0.5
1123,F0_REQ_01124,The MultiMahjongServer will allow connections from MultiMahjongClients and communicate with them using IP.,FR,Functional,0.5
1126,F0_REQ_01127,The MultiMahjongServer will contain a High Scores list with the names and scores of the top MultiMahjong players.,FR,Functional,0.5
1127,F0_REQ_01128,The MultiMahjongServer will allow players on MultiMahjongClient programs to chat with each other in real time.,FR,Functional,0.5
1128,F0_REQ_01129,The MultiMahjongServer will allow players on MultiMahjongClient programs to modify their own names and icons during gameplay (as opposed to only at the beginning).,FR,Functional,0.5
1129,F0_REQ_01130,The MultiMahjongServer will support an architecture whereby all Computer Opponents (CO) required will reside on it instead of on the MultiMahjongClient programs.,FR,Functional,0.5
1130,F0_REQ_01131,The MultiMahjongServer will have a graphical user interface with which the administrator of the server can get log information and change game settings.,FR,Functional,0.5
1131,F0_REQ_01132,The MultiMahjongServer will be able to save preferences to a file and read from that file at start-up.,FR,Functional,0.5
1132,F0_REQ_01133,The MultiMahjongClient must send this game initialisation information to the MultiMahjongServer so that the MultiMahjongServer can create a new game.,FR,Functional,0.5
1133,F0_REQ_01134,"When a user selects the option to join an existing game, the MultiMahjongClient will retrieve a list of any games that still require players from the MultiMahjongServer.",FR,Functional,0.5
1134,F0_REQ_01135,The MultiMahjongClient must send this join information to the MultiMahjongServer,FR,Functional,0.5
1135,F0_REQ_01136,The MultiMahjongClient will save the user preferences in a file and read them in when the program begins.,FR,Functional,0.5
1136,F0_REQ_01137,Users who create a new game will be able to change the ability level of any CO involved in the game.,FR,Functional,0.5
1137,F0_REQ_01138,Users who create a new game will be able to choose to play different variations of Mahjong rules other than those described in Section 4.3.1.,FR,Functional,0.5
1138,F0_REQ_01139,"Any user who creates or joins a game will be able to upload their own JPEG or GIF image that they wish to have displayed above their name, if they do not wish to use a preset icon.",FR,Functional,0.5
1139,F0_REQ_01140,"The MultiMahjongClient must only allow players to make moves according to the Chinese rules of Mahjong as described in the rulebook, How to Play Mah Jong.",FR,Functional,0.5
1140,F0_REQ_01141,The MultiMahjongClient will inform the user whose turn it is to pick up a tile.,FR,Functional,0.5
1141,F0_REQ_01142,The MultiMahjongClient will inform the user of legal Chow/Pung/Kong/Mahjong options under Chinese rules and send chosen actions to the MultiMahjongServer.,FR,Functional,0.5
1142,F0_REQ_01143,"User's will be able to pick up a tile from the wall if it is their turn. If they choose to pick up, the MultiMahjongClient must send this information to the MultiMahjongServer.",FR,Functional,0.5
1143,F0_REQ_01144,"User's will be able to discard a tile if they have picked one up. When they choose to discard, the MultiMahjongClient must send this information to the MultiMahjongServer",FR,Functional,0.5
1147,F0_REQ_01148,The MultiMahjongClient will keep the user's tiles in order.,FR,Functional,0.5
1148,F0_REQ_01149,The MultiMahjongClient will play sound effects associated with certain game actions.,FR,Functional,0.5
1149,F0_REQ_01150,Users will be able to turn the sound on or off at any stage during the game.,FR,Functional,0.5
1150,F0_REQ_01151,Users will be able to view the High Scores list that is located on the MultiMahjongServer,FR,Functional,0.5
1151,F0_REQ_01152,Users will be able to Undo their last move if playing in single player mode.,FR,Functional,0.5
1152,F0_REQ_01153,The MultiMahjongClient will automate the picking up of a tile from the wall if the user has no other option.,FR,Functional,0.5
1153,F0_REQ_01154,Users will be able to Save their game if playing in single player mode.,FR,Functional,0.5
1154,F0_REQ_01155,User's will be able to chat with each other in real time.,FR,Functional,0.5
1155,F0_REQ_01156,User's will be able to change their icons/pictures and names during the game.,FR,Functional,0.5
1156,F0_REQ_01157,The game will end when all 4 rounds have been played or if the user chooses to end the game.,FR,Functional,0.5
1157,F0_REQ_01158,The user will be able to end the game at any stage of the game.,FR,Functional,0.5
1158,F0_REQ_01159,The MultiMahjongServer will inform all MultiMahjongClients connected to the game that the game has ended,FR,Functional,0.5
1159,F0_REQ_01160,"If a user leaves the game prematurely, a new CO is created on another user's machine to fill their place.",FR,Functional,0.5
1160,F0_REQ_01161,The CO must play moves according to the Chinese rules of Mahjong.,FR,Functional,0.5
1161,F0_REQ_01162,The CO will not have access to the data containing the faces of any tiles in the wall or any concealed tiles in any other players' hands.,FR,Functional,0.5
1162,F0_REQ_01163,"The CO will be able to pick up tiles off the wall, discard tiles, reveal Kongs, and Chow/Pung/Kong/Mahjong.",FR,Functional,0.5
1164,F0_REQ_01165,The CO will be able to read any player's exposed or revealed hands.,FR,Functional,0.5
1165,F0_REQ_01166,"The CO will be able to determine what tiles have not been played according to the tiles that have already been discarded, exposed or revealed.",FR,Functional,0.5
1166,F0_REQ_01167,The CO will be able to recognise almost finished sets of tiles (i.e. 2 tiles in a sequence is an almost finished Chow) and will not discard tiles in such sets.,FR,Functional,0.5
1167,F0_REQ_01168,"The CO will be able to play at 3 different ability levels: Beginner, Intermediate and Advanced.",FR,Functional,0.5
1168,F0_REQ_01169,The CO will be able to perform look ahead algorithms to determine its best move in the Intermediate and Advanced levels.,FR,Functional,0.5
1169,F0_REQ_01170,The CO will be able to perform calculations at any stage of the game.,FR,Functional,0.5
1170,F0_REQ_01171,The CO will be able to play any version of the rules that are specified by the user who creates the game.,FR,Functional,0.5
1171,F0_REQ_01172,There will be CO's of different playing styles that the user can choose from.,FR,Functional,0.5
1201,F0_REQ_01202,"The TCS will have the capability to control and monitor an AV, payload, data link, and C4I interfaces during the execution of a mission.",FR,Functional,0.5
1234,F0_REQ_01235,The TCS will have the capability to control and monitor the AV payload(s).,FR,Functional,0.5
1252,F0_REQ_01253,The TCS will interface with external systems to conduct mission coordination and operations.,FR,Functional,0.5
1282,F0_REQ_01283,"Program will have a simple, graphically appealing interface designed for sixth graders.",FR,Functional,0.5
1283,F0_REQ_01284,Software will run on most computers since it only requires Macromedia Flash and HTML.,FR,Functional,0.5
1291,F0_REQ_01292,The user will respond to questions by clicking on the desired answer from a set of choices,FR,Functional,0.5
1297,F0_REQ_01298,The product will be as secure as the web browser that will run the product.,FR,Functional,0.5
1298,F0_REQ_01299,The product will be available over the Internet via the S2S website.,FR,Functional,0.5
1481,F0_REQ_01482,A yellow Caution indicator will be used to signify potential diagnostic issues.,FR,Functional,0.5
1482,F0_REQ_01483,A red Not OK indicator will be active to signify a confirmed diagnostic condition.,FR,Functional,0.5
1506,F0_REQ_01507,There will be no restriction in time or place for the use of the software built from the specifications produced under this contract.,FR,Functional,0.5
1508,F0_REQ_01509,The system will be designed so that background tasks can continue while the user performs foreground tasks.,FR,Functional,0.5
1510,F0_REQ_01511,The client will send a GET request to the Web API with the question as a URL parameter.,FR,Functional,0.5
1511,F0_REQ_01512,The client will specify the header Content-Type: application/json in their requests as convention.,FR,Functional,0.5
1513,F0_REQ_01514,The client will be able to parse the JSON and determine if there was an error.,FR,Functional,0.5
1514,F0_REQ_01515,The server will send all API data in JSON response documents with the header Content-Type: application/json.,FR,Functional,0.5
1515,F0_REQ_01516,The server will respond with a 200 OK status code if a request has the header Content-Type: application/json and is a valid API query.,FR,Functional,0.5
1516,F0_REQ_01517,The server will respond with a 400 Bad Request status code if request does not specify the header Content-Type: application/json OR is a malformed API query.,FR,Functional,0.5
1517,F0_REQ_01518,This unit will receive a text string from the URL parameter.,FR,Functional,0.5
1518,F0_REQ_01519,"This unit will output the sentence as a string,",FR,Functional,0.5
1519,F0_REQ_01520,A MySQL database will be used to store all information required to answer questions.,FR,Functional,0.5
1521,F0_REQ_01522,The database will be updated periodically and the API will be unavailable during the update.,FR,Functional,0.5
1522,F0_REQ_01523,The GUI will have a textbox that will accept inputs from a keyboard.,FR,Functional,0.5
1523,F0_REQ_01524,"Text box will originally contain a suggestive text question, to guide the user to the format of an appropriate question.",FR,Functional,0.5
1524,F0_REQ_01525,The GUI will have a chat window displaying questions sent to the system and responses from the API.,FR,Functional,0.5
1525,F0_REQ_01526,"The chat window will contain all questions and answers from the current session, with a scroll bar if all messages can't fit on the screen.",FR,Functional,0.5
1526,F0_REQ_01527,"If there is a network issue, the chat window will display an error message.",FR,Functional,0.5
1529,F0_REQ_01530,"If a question is not understood by our API, the system will send a text containing an example question after the text with the API response.",FR,Functional,0.5
1530,F0_REQ_01531,The system will be designed in such a way that the algorithms for the four main units will be able to be easily swapped out.,FR,Functional,0.5
1531,F0_REQ_01532,The overall accuracy of the Web API's response will be measured using a developer-made testing set.,FR,Functional,0.5
1537,F0_REQ_01538,"The connection between the Web API and the programs will use HTTPS, for security.",FR,Functional,0.5
1538,F0_REQ_01539,A new user will make less than 3 mistakes in 5 minutes after 5 minutes of use.,FR,Functional,0.5
1544,F0_REQ_01545,The data displayed in both the nodes of the graph and the rows of the table will be MSEL Summary data.,FR,Functional,0.5
1546,F0_REQ_01547,The top 1/4 of the table will hold events that are to occur sequentially.,FR,Functional,0.5
1547,F0_REQ_01548,The bottom 3/4 of the table will hold events that occur according to its relevance to current time.,FR,Functional,0.5
1676,F0_REQ_01677,The system will use the stored e-mail addresses as a primary means of communicating information to affected parties.,FR,Functional,0.5
1678,F0_REQ_01679,The system will notify affected parties when changes occur affecting clinicals including but not limited to clinical section capacity changes and clinical section cancellations.,FR,Functional,0.5
1679,F0_REQ_01680,The system will notify affected parties when changes occur affecting classes including but not limited to class cancellations class section detail changes and changes to class offerings for a given quarter.,FR,Functional,0.5
1680,F0_REQ_01681,The system will notify affected parties when changes occur affecting cohorts including but not limited to changes to the sequence for a cohort’s program of study and changes to a given week’s schedule.,FR,Functional,0.5
1681,F0_REQ_01682,The system will notify affected parties when changes occur affecting specific students including but not limited to changing a student’s status from full time to part time and moving a student to a different clinical section.,FR,Functional,0.5
1696,F0_REQ_01697,"To resolve disputes, the Disputes application will rely solely on transaction details retrieved from the Statement Database.",FR,Functional,0.5
1733,F0_REQ_01734,The Disputes System must provide viewing capability for existing dispute cases.,FR,Functional,0.5
1735,F0_REQ_01736,"A list of disputes meeting search criteria must be provided, differentiating by color-coded status.",FR,Functional,0.5
1739,F0_REQ_01740,"For any systematic action, such as disputes aging process, a case activity will be generated, and the user who initiated the dispute case must be notified upon next logon.",FR,Functional,0.5
1740,F0_REQ_01741,All letter requests must adhere to formatting guidelines specified by the Print Letter Utility system.,FR,Functional,0.5
1741,F0_REQ_01742,Any disputes cases closed for over 6 months must be purged from the online disputes database.,FR,Functional,0.5
1742,F0_REQ_01743,The product must support Internet Explorer 5.5 and above.,FR,Functional,0.5
1743,F0_REQ_01744,The product must support Mozilla Firefox 1.0 and above.,FR,Functional,0.5
1749,F0_REQ_01750,Professional appearance of the product is required.,FR,Functional,0.5
1751,F0_REQ_01752,"The product should enhance the productivity of Collision Estimators, with 80% agreeing their productivity has increased within one month.",FR,Functional,0.5
1753,F0_REQ_01754,The product must be easily learnable within two days of onsite training for Adjusters and Collision Estimators.,FR,Functional,0.5
1754,F0_REQ_01755,User help resources should be accessible within 90% of the system.,FR,Functional,0.5
1756,F0_REQ_01757,The search for the preferred repair facility should be completed within 8 seconds.,NFR,Performance,0.5
1758,F0_REQ_01759,Preferred repair facility ratings should be saved within 5 seconds.,NFR,Performance,0.5
1766,F0_REQ_01767,The maintenance of the product will fall within the established corporate maintenance windows.,FR,Functional,0.5
1769,F0_REQ_01770,Only adjusters can request recycled parts audit reports.,FR,Functional,0.5
1770,F0_REQ_01771,Only adjusters with a supervisor role can update preferred repair facility ratings.,FR,Functional,0.5
1776,F0_REQ_01777,The product must comply with Sarbanes-Oxley.,FR,Functional,0.5
1809,F0_REQ_01810,The system will display a blank set of ratings if there are not ratings yet defined.,FR,Functional,0.5
1815,F0_REQ_01816,The product must work with most database management systems (DBMS) on the market whether the DBMS is colocated with the product on the same machine or is located on a different machine on the computer network.,FR,Functional,0.5
1816,F0_REQ_01817,The product will function alongside server software on any operating system where the Java runtime can be installed.,FR,Functional,0.5
1817,F0_REQ_01818,The product will require collaboration with a database management system (DBMS). The DBMS may be located on the same machine as the product or on a separate machine residing on the same computer network.,FR,Functional,0.5
1818,F0_REQ_01819,The product must make use of web/application server technology. Open source examples include Apache web server Tomcat and the JBoss application server.,FR,Functional,0.5
1819,F0_REQ_01820,A database management system such as Oracle DB2 MySql or HSQL will need to be integrated with the product.,FR,Functional,0.5
1827,F0_REQ_01828,An employee will be able to successfully use the product within a few minutes.,FR,Functional,0.5
1835,F0_REQ_01836,The concurrency capacity must be able to handle peak scheduling times such as early morning and late afternoon hours.,FR,Functional,0.5
1887,F0_REQ_01888,All Users will be able to view the next product by swiping left to right.,FR,Functional,0.5
1954,F0_REQ_01955,The system shall be able to display a menu at all times to facilitate manual order taking should the need arise.,FR,Functional,0.5
1961,F0_REQ_01962,Admin must not dismiss an engaged menu unless the customer requests it.,FR,Functional,0.5
2024,F0_REQ_02025,"User can create profiles with health worker information, attaching usernames for identification, and supporting multiple users on a single device.",FR,Functional,0.5
2025,F0_REQ_02026,User can register working locations of healthcare workers for use in health survey forms.,FR,Functional,0.5
2026,F0_REQ_02027,System downloads disease data offline to minimize typing in surveys.,FR,Functional,0.5
2027,F0_REQ_02028,"System conducts health surveys to identify disease outbreaks, storing data offline if connectivity fails.",FR,Functional,0.5
2028,F0_REQ_02029,System supports offline surveys for uninterrupted data collection.,FR,Functional,0.5
2138,F0_REQ_02139,"User data will be encrypted using industry-standard encryption algorithms, including payment information and personal data.",FR,Functional,0.5
2139,F0_REQ_02140,Only authorized workers will be able to access the administrative panel.,FR,Functional,0.5
2140,F0_REQ_02141,The system will offer defense against widespread online vulnerabilities like cross-site scripting (XSS) and SQL injection.,FR,Functional,0.5
2141,F0_REQ_02142,User experience (UX) design best practices will be adhered to by the user interface.,FR,Functional,0.5
2152,F0_REQ_02153,A player will be able to quit the game at any time.,FR,Functional,0.5
2153,F0_REQ_02154,Quitting will end the game immediately.,FR,Functional,0.5
2181,F0_REQ_02182,"The torch will be able to be fired up by touching it, and objects will be able to be dropped by leaving them at their initial place.",FR,Functional,0.5
2189,F0_REQ_02190,Security concerns are mitigated as Light My Way doesn't create user profiles or access credentials.,NFR,Security,0.5
2214,F0_REQ_02215,"Performance of making recommendations and updating them in real-time is crucial, requiring seamless processing to ensure users do not notice data processing.",NFR,Performance,0.5
2216,F0_REQ_02217,"The database must be securely accessed and its data integrity maintained, especially considering the presence of personal user information.",FR,Functional,0.5
2248,F0_REQ_02249,"Upon user login, the system will display personalized information and automatically add certain details to booking requests.",FR,Functional,0.5
2249,F0_REQ_02250,The application and its options will be in US English and Unicode format for globalization support.,FR,Functional,0.5
2250,F0_REQ_02251,"The booking process will be intuitive, with information completion in stages.",FR,Functional,0.5
2251,F0_REQ_02252,"Both employees and clients will be able to update personal details anytime, with clients also able to update booking details.",FR,Functional,0.5
2252,F0_REQ_02253,An email confirmation with original and new details will be dispatched upon confirmation of updates.,FR,Functional,0.5
2253,F0_REQ_02254,Booking will be locked for editing only when an employee is assigned to serve the client.,FR,Functional,0.5
2254,F0_REQ_02255,The administrator will be able to select and update the weekly roster based on employee availability.,FR,Functional,0.5
2255,F0_REQ_02256,"The administrator will be able to print reports annually, weekly, and daily based on selected time frames.",FR,Functional,0.5
2256,F0_REQ_02257,The administrator will be able to check feedback posted by clients and send newsletters regarding promotions.,FR,Functional,0.5
2257,F0_REQ_02258,"The administrator will be able to manage user portfolio, providing access to new users and deleting inactive employees.",FR,Functional,0.5
2258,F0_REQ_02259,The administrator will be able to view system statistics and generate reports based on selected criteria.,FR,Functional,0.5
2372,F0_REQ_02373,The system shall be able to display a menu at all times to facilitate manual order taking should the need arise.,FR,Functional,0.5
2493,F0_REQ_02494,Normal users will have read-only access to information except for their personal and some other specified information.,FR,Functional,0.5
2508,F0_REQ_02509,"If a request is approved, the status will be marked as Borrow with an end date.",FR,Functional,0.5
2514,F0_REQ_02515,"Users of the system include four categories: Student (Transaction and view), Faculty (Transaction and view), Author (view), Publisher (view).",FR,Functional,0.5
2545,F0_REQ_02546,"The system shall provide uninterrupted functionality both with and without an internet connection. In offline mode, users should still be able to access certain features. In online mode, the system should operate smoothly.",FR,Functional,0.5
2615,F0_REQ_02616,"Errors will be minimized, and users will be provided with appropriate error messages to guide them through the issue.",FR,Functional,0.5
2777,F0_REQ_02778,Resumes will have options for private/public/confidential settings.,FR,Functional,0.5
2778,F0_REQ_02779,Contact information will be optionally hidden.,FR,Functional,0.5
2779,F0_REQ_02780,Resumes will be hidden from specific companies.,FR,Functional,0.5
2780,F0_REQ_02781,Multiple qualifications and experiences will be added and submitted.,FR,Functional,0.5
2781,F0_REQ_02782,Photos and Cover Letters will be added to profiles and job applications.,FR,Functional,0.5
2782,F0_REQ_02783,Newsletter subscription and customization options will be provided.,FR,Functional,0.5
2783,F0_REQ_02784,Jobs will be added to a watchlist for later viewing.,FR,Functional,0.5
2786,F0_REQ_02787,"Job Search Agents will be added, edited, activated, or deleted.",FR,Functional,0.5
2789,F0_REQ_02790,Messages will be sent to employers and job seekers for subscription-related matters.,FR,Functional,0.5
2791,F0_REQ_02792,Admin will set criteria for users and manage static content updates.,FR,Functional,0.5
2792,F0_REQ_02793,Email notifications to users based on account status will be sent from the admin panel.,FR,Functional,0.5
2801,F0_REQ_02802,Job seekers and employers will be searched based on various criteria.,FR,Functional,0.5
2803,F0_REQ_02804,"Invoices can be sent to companies, and featured employer showcases can be managed.",FR,Functional,0.5
2805,F0_REQ_02806,Full lists of job seekers and employers along with their contact information can be printed.,FR,Functional,0.5
2806,F0_REQ_02807,Resumes will be imported directly from an existing database.,FR,Functional,0.5
2833,F0_REQ_02834,"User will be prompted to grant permission to access the camera if they initially deny access, allowing the app to utilize camera functionality.",FR,Functional,0.5
2834,F0_REQ_02835,"User will be notified if the barcode output is not generated due to an issue, prompting them to retry or seek assistance if needed.",FR,Functional,0.5
2851,F0_REQ_02852,Crafty kids corner will be compatible with a wide range of web browsers and devices commonly used by kids and their parents/guardians.,FR,Functional,0.5
2852,F0_REQ_02853,Crafty kids corner will provide cross-platform support to ensure a consistent user experience across different operating systems.,FR,Functional,0.5
2901,F0_REQ_02902,User will be able to log in to their Quora.com account.,FR,Functional,0.5
2914,F0_REQ_02915,User will choose between linking a credit or debit card.,FR,Functional,0.5
2915,F0_REQ_02916,System will allow the user to link their card.,FR,Functional,0.5
2917,F0_REQ_02918,System will display a message indicating that the bank account has been successfully added.,FR,Functional,0.5
2918,F0_REQ_02919,"User will choose from options including searching for their issue, chatting with customer support, asking the community, emailing customer support, or calling customer support.",FR,Functional,0.5
2919,F0_REQ_02920,System will prompt the user to select their issue or write about their problem.,FR,Functional,0.5
2920,F0_REQ_02921,User will submit their issue or problem.,FR,Functional,0.5
2921,F0_REQ_02922,System will display a message confirming that the problem or issue has been submitted successfully.,FR,Functional,0.5
2924,F0_REQ_02925,User will input the verification code received.,FR,Functional,0.5
2925,F0_REQ_02926,System will confirm the successful submission of the verification code.,FR,Functional,0.5
2926,F0_REQ_02927,User will input a new password and confirm the password.,FR,Functional,0.5
2927,F0_REQ_02928,System will display a message confirming that the password has been created successfully.,FR,Functional,0.5
2930,F0_REQ_02931,System must perform effectively in adverse conditions.,FR,Functional,0.5
2933,F0_REQ_02934,The PayPal network must be available 24 hours a day.,FR,Functional,0.5
2934,F0_REQ_02935,Only designated maintainers are allowed to connect new users to the PayPal Payment System network and maintain records of all users and transaction status.,FR,Functional,0.5
3065,F0_REQ_03066,The software will support simultaneous user acces only if there are multiple terminals.,FR,Functional,0.5
3066,F0_REQ_03067,Only textual information will be handled by the software.,FR,Functional,0.5
3116,F0_REQ_03117,The system shall be able to display a menu at all times to facilitate manual order taking should the need arise.,FR,Functional,0.5
3119,F0_REQ_03120,Wireless communication throughout the system will be encrypted using SSLv3 at the application layer and WPA2-PSK at the data link layer.,FR,Functional,0.5
3120,F0_REQ_03121,The WPA2-PSK password used for wireless communication must have a bit- strength of at least 80 bits.,FR,Functional,0.5
3121,F0_REQ_03122,The WPA2-PSK password used for wireless communication must be changed every three months.,FR,Functional,0.5
3122,F0_REQ_03123,A waiter password used for tablet login must be changed every three months.,FR,Functional,0.5
3129,F0_REQ_03130,A surface computer must not dismiss an engaged menu unless the customer requests it.,FR,Functional,0.5
3142,F0_REQ_03143,User must have a valid login ID to access the site.,FR,Functional,0.5
3305,F0_REQ_03306,System's reliability depends on continuous backup of the database.,NFR,Reliability,0.5
3316,F0_REQ_03317,"Alternatively, the user can push the up, down, right, and left keys of the keyboard to move the activity.",FR,Functional,0.5
3318,F0_REQ_03319,"Alternatively, the user can push the delete key of the keyboard to delete the activity.",FR,Functional,0.5
3320,F0_REQ_03321,"Alternatively, the user can push the delete key of the keyboard to delete the connection.",FR,Functional,0.5
3322,F0_REQ_03323,"Alternatively, the user can hold the Ctrl key and click on desired activities and connections to select them.",FR,Functional,0.5
3388,F0_REQ_03389,"System must ensure safety by protecting from intruders, ensuring unique IDs for each user, and requiring unique admin ID.",FR,Functional,0.5
3391,F0_REQ_03392,Website must be connected to a web server to make it available worldwide.,FR,Functional,0.5
3436,F0_REQ_03437,"These additional non-functional requirements aim to further enhance the performance, security, user experience, reliability, and availability of the system.",NFR,Usability,0.5
3467,F0_REQ_03468,The overall reliability of the system depends on the reliability of individual components.,FR,Functional,0.5
3505,F0_REQ_03506,Connections for chats and calls must remain uninterrupted.,FR,Functional,0.5
3506,F0_REQ_03507,User accessibility and information must be secured through appropriate measures.,FR,Functional,0.5
3507,F0_REQ_03508,Verification of users signing up as astrologers must be ensured.,FR,Functional,0.5
3508,F0_REQ_03509,Interaction between users must be secured to maintain privacy.,FR,Functional,0.5
3509,F0_REQ_03510,The system must be recoverable in case of any failures or problems.,FR,Functional,0.5
3511,F0_REQ_03512,Performance must meet specified requirements even under high user load.,FR,Functional,0.5
3512,F0_REQ_03513,The system must comply with specifications and maintain an acceptable level of performance.,FR,Functional,0.5
3590,F0_REQ_03591,The passport management website must be available 24 hours a day.,FR,Functional,0.5
3592,F0_REQ_03593,New features can be added to the passport management system.,FR,Functional,0.5
3593,F0_REQ_03594,Corrective Maintenance: Any unidentified bugs need to be fixed promptly.,FR,Functional,0.5
3595,F0_REQ_03596,Perfective Maintenance: New features may be added post product delivery.,FR,Functional,0.5
3608,F0_REQ_03609,System must support concurrent access by up to 1000 users simultaneously.,FR,Functional,0.5
3610,F0_REQ_03611,The system must conform to Microsoft Accessibility standards for accessibility compliance.,FR,Functional,0.5
3611,F0_REQ_03612,The user will select the add task option.,FR,Functional,0.5
3612,F0_REQ_03613,Add task page will be opened consisting of minimum three fields.,FR,Functional,0.5
3613,F0_REQ_03614,First field will be add task name.,FR,Functional,0.5
3614,F0_REQ_03615,Second field will be date of task completion.,FR,Functional,0.5
3615,F0_REQ_03616,Third field will be time of task completion.,FR,Functional,0.5
3616,F0_REQ_03617,"When the user presses add, system must check if the the name, date and time fields are completed.",FR,Functional,0.5
3622,F0_REQ_03623,Edit task page will be opened.,FR,Functional,0.5
3624,F0_REQ_03625,Edited task cannot be saved if the new name of it is empty.,FR,Functional,0.5
3628,F0_REQ_03629,If user answers positive then this task will be deleted else the deleted command will be cancelled.,FR,Functional,0.5
3631,F0_REQ_03632,System must show any task that is completed in the task list.,FR,Functional,0.5
3635,F0_REQ_03636,"If all the tasks are already completed, no task will appear in the view option.",FR,Functional,0.5
3649,F0_REQ_03650,Developing this product native-first enables cross-platform functionality.,FR,Functional,0.5
3652,F0_REQ_03653,The software will only be operational when a user is registered.,FR,Functional,0.5
3666,F0_REQ_03667,Sensitive data will be encrypted before being sent over insecure connections like the internet.,FR,Functional,0.5
3675,F0_REQ_03676,"In case of a failure, a re-initialization of program will be done.",FR,Functional,0.5
3678,F0_REQ_03679,"The system shall define what data can be entered, how it should be formatted, and any rules for validating the data.",FR,Functional,0.5
3689,F0_REQ_03690,All personnel using the system will be trained according to internal SOP AA-101.,FR,Functional,0.5
3690,F0_REQ_03691,The database will have a functional audit trail.,FR,Functional,0.5
3691,F0_REQ_03692,The system will limit access to authorized users.,FR,Functional,0.5
3838,F0_REQ_03839,The system may optionally provide real-time train location information if available.,FR,Functional,0.5
3921,F0_REQ_03922,Backup power supply must be available for the server to ensure continuous operation in case of power failure.,FR,Functional,0.5
3957,F0_REQ_03958,The reliability of the e-store depends on the reliability of its separate components.,FR,Functional,0.5
3993,F0_REQ_03994,User will need a device capable of playing a 144p resolution video.,FR,Functional,0.5
3994,F0_REQ_03995,User will require a minimum internet connection speed of 500kbps to play videos without buffering.,FR,Functional,0.5
3995,F0_REQ_03996,"In case of extensive database damage, a backup method will restore a previous copy of the database and switch to backup servers to keep the site operational.",FR,Functional,0.5
3996,F0_REQ_03997,"All private data uploaded by users will be strictly confidential to other users, and users will be able to report suspicious activity to the security department.",FR,Functional,0.5
3997,F0_REQ_03998,The site will be available to users 24/7.,FR,Functional,0.5
3998,F0_REQ_03999,Maintenance and updates of the site will be carried out by developers and a team of software engineers.,FR,Functional,0.5
4337,F0_REQ_04338,The system may be adaptable to different languages and currencies.,FR,Functional,0.5
4472,F0_REQ_04473,The system may be adaptable to different languages and currencies.,FR,Functional,0.5
4473,F0_REQ_04474,The system may be equipped with a pricing plan and billing system.,FR,Functional,0.5
4627,F0_REQ_04628,"User must accept the cancellation terms with a checkbox, to be accountable.",FR,Functional,0.5
5024,F0_REQ_05025,The system shall determine when Zoonibot should comment or provide explanations to volunteers.,FR,Functional,0.5
5060,F0_REQ_05061,Audit trail functionality must be activated without manual intervention.,FR,Functional,0.5
5061,F0_REQ_05062,System must maintain audit trail for at least the life of associated cases and make it accessible on request.,FR,Functional,0.5
5062,F0_REQ_05063,Audit trail data must be available for inspection and export for specified cases.,FR,Functional,0.5
5063,F0_REQ_05064,System must capture and store violations and attempted violations of access control mechanisms.,FR,Functional,0.5
5064,F0_REQ_05065,"System must provide reports for actions on cases organized by case, user, and in chronological sequence.",FR,Functional,0.5
5072,F0_REQ_05073,Unauthorized attempts to access cases must be logged in the audit trail.,FR,Functional,0.5
5073,F0_REQ_05074,All access to cases and related activities must be stored in the audit trail for legal admissibility and data recovery.,FR,Functional,0.5
5074,F0_REQ_05075,All error messages must be meaningful and accompanied by explanatory text.,FR,Functional,0.5
5075,F0_REQ_05076,System must employ a consistent user interface look and feel.,FR,Functional,0.5
5076,F0_REQ_05077,System must display multiple entities simultaneously.,FR,Functional,0.5
5077,F0_REQ_05078,"Interfaces must be customizable and user-configurable, saving configurations in user profiles.",FR,Functional,0.5
5078,F0_REQ_05079,System interface must be compatible with specialist software and suitable for users with special needs.,FR,Functional,0.5
5079,F0_REQ_05080,System must provide easy-to-use End User and Administrator functions.,FR,Functional,0.5
5080,F0_REQ_05081,"Defaults for data entry must be persistent and include user-definable, previous, and context-derived values.",FR,Functional,0.5
5081,F0_REQ_05082,Frequently-executed transactions must be completed with minimal interactions.,FR,Functional,0.5
5082,F0_REQ_05083,"System interfaces must allow customization, including menu contents, screen layout, function keys, colors, and fonts.",FR,Functional,0.5
5085,F0_REQ_05086,"Customer accounts will include customer profiles, contact info, purchase history, and order confirmation.",FR,Functional,0.5
5086,F0_REQ_05087,"Customers can register, log in, and log out of their accounts.",FR,Functional,0.5
5088,F0_REQ_05089,Products will be organized into multi-tiered categories in inventory management.,FR,Functional,0.5
5089,F0_REQ_05090,"Administrators can update categories, products, and product details.",FR,Functional,0.5
5091,F0_REQ_05092,Shopping cart will display item count and total cost.,FR,Functional,0.5
5092,F0_REQ_05093,Customers can add or remove products from the shopping cart before checkout.,FR,Functional,0.5
5093,F0_REQ_05094,Customers can review and confirm orders before checkout.,FR,Functional,0.5
5094,F0_REQ_05095,Customers can revise and update orders if incorrect.,FR,Functional,0.5
5096,F0_REQ_05097,Interface will be presented in a web browser.,FR,Functional,0.5
5097,F0_REQ_05098,Interface must be consistent and intuitive across different web browsers.,FR,Functional,0.5
5099,F0_REQ_05100,Interface will be compatible with major web browsers.,FR,Functional,0.5
5101,F0_REQ_05102,Plug-ins can interact with the system via the plug-in API.,FR,Functional,0.5
5102,F0_REQ_05103,Plug-in API will be well-documented for plug-in developers.,FR,Functional,0.5
5154,F0_REQ_05155,"Any administrative level user can delegate actions to another user, acquiring the role of inventory administrator.",FR,Functional,0.5
5155,F0_REQ_05156,"Output reports include asset reports by location, request reports, and user permission reports.",FR,Functional,0.5
5224,F0_REQ_05225,"In case of hardware failure or database corruption, a replacement page will be displayed, and backups will be retrieved and saved by the administrator.",FR,Functional,0.5
5231,F0_REQ_05232,System reliability hinges on continuous backup maintenance and updates to reflect recent changes.,NFR,Reliability,0.5
5330,F0_REQ_05331,"Customer receives notifications for order accepted, once order is picked up, and delivered.",FR,Functional,0.5
5366,F0_REQ_05367,The system shall be able to display a menu at all times to facilitate manual order taking should the need arise.,FR,Functional,0.5
5373,F0_REQ_05374,Admin must not dismiss an engaged menu unless the customer requests it.,FR,Functional,0.5
5399,F0_REQ_05400,"Running the full VS Code in Windows/Linux containers is not supported. However, using the Dev Containers extension with the VS Code server running in the container and the client on the desktop is supported.",FR,Functional,0.5
5438,F0_REQ_05439,All numerical requirements stated above are subject to measurable performance monitoring and evaluation.,NFR,Performance,0.5
5480,F0_REQ_05481,All code must be consistent with respect to style.,FR,Functional,0.5
5481,F0_REQ_05482,All functionality must be thoroughly tested through comprehensive test cases.,FR,Functional,0.5
5492,F0_REQ_05493,"Passwords can include digits, hyphens, and underscores.",NFR,Security,0.5
5507,F0_REQ_05508,User must file a First Information Report (FIR) and present a copy for card blocking in case of lost ATM card.,FR,Functional,0.5
5538,F0_REQ_05539,The subscription will end if the user does not respond to the subscription package within the allotted time frame.,FR,Functional,0.5
5544,F0_REQ_05545,Users are advised to change their passwords regularly and not share their user ID and password with anyone.,NFR,Security,0.5
5547,F0_REQ_05548,Only maintainers are allowed to add new videos to the website.,FR,Functional,0.5
5585,F0_REQ_05586,The system should be able to handle a growing number of users and scores.,NFR,Performance,0.5
5630,F0_REQ_05631,The graphics card may improve overall performance and user experience.,NFR,Performance,0.5
5640,F0_REQ_05641,The system may support a touch-screen-enabled tablet or monitor for a more intuitive and natural drawing experience.,FR,Functional,0.5
5765,F0_REQ_05766,A sale transaction authorizes and settles the requested amount against the indicated payment method.,FR,Functional,0.5
5874,F0_REQ_05875,The application must be accessible to all users without any charges.,FR,Functional,0.5
5942,F0_REQ_05943,System recommends using Google Chrome browser for best experience.,FR,Functional,0.5
5958,F0_REQ_05959,Users who give up subsidy will be displayed on the Scroll of Honor.,FR,Functional,0.5
6072,F0_REQ_06073,"The system must perform well in adverse environmental conditions, such as extreme temperatures.",FR,Functional,0.5
6073,F0_REQ_06074,The system must maintain uninterrupted and reliable connections for transactions.,FR,Functional,0.5
6074,F0_REQ_06075,The system must support a high data transfer rate for efficient processing.,FR,Functional,0.5
6075,F0_REQ_06076,The system must be safely housed in a physically secure cabin.,FR,Functional,0.5
6076,F0_REQ_06077,The system must be bolted to the floor to prevent theft.,FR,Functional,0.5
6077,F0_REQ_06078,There must be an emergency phone located outside the cabin for safety purposes.,FR,Functional,0.5
6078,F0_REQ_06079,The cabin door must have an ATM card swipe slot for access control.,FR,Functional,0.5
6079,F0_REQ_06080,"The cabin door must remain locked, opening only when a user swipes a valid ATM card in the slot.",FR,Functional,0.5
6080,F0_REQ_06081,User accessibility must be closely monitored and restricted as needed.,FR,Functional,0.5
6081,F0_REQ_06082,Users must be prompted to change their PIN on first use for security.,FR,Functional,0.5
6082,F0_REQ_06083,Users must be advised not to share their PIN with anyone.,FR,Functional,0.5
6083,F0_REQ_06084,The system must lock out users after three incorrect PIN attempts for security.,FR,Functional,0.5
6084,F0_REQ_06085,The software must adhere to security and performance quality standards.,FR,Functional,0.5
6085,F0_REQ_06086,The client can register themselves in the system by filling in the required data.,FR,Functional,0.5
6086,F0_REQ_06087,The admin or user can log in to the system with their unique username and password.,NFR,Security,0.5
6087,F0_REQ_06088,Authenticated users can add properties to the system.,FR,Functional,0.5
6088,F0_REQ_06089,"Professionals, including agents who work as residential and commercial real estate brokers, provide property details to the admin, who then adds the property to the website.",FR,Functional,0.5
6089,F0_REQ_06090,Users can ask questions and receive answers on the platform.,FR,Functional,0.5
6090,F0_REQ_06091,"Users can view, update, or delete their own profile.",FR,Functional,0.5
6091,F0_REQ_06092,"Users can manage properties by viewing, editing, or deleting them.",FR,Functional,0.5
6092,F0_REQ_06093,"Users can search for available properties within their budget based on the area covered, city, location, price range, property type, property subtype, and purpose.",FR,Functional,0.5
6093,F0_REQ_06094,Users can view full property details.,FR,Functional,0.5
6094,F0_REQ_06095,"The admin can create, read, update, and delete realtors.",FR,Functional,0.5
6095,F0_REQ_06096,"The user can register attendance for the day by entering their Staff ID, name, and password and clicking the Register Attendance button.",NFR,Security,0.5
6096,F0_REQ_06097,The user can view their yearly and monthly attendance records.,FR,Functional,0.5
6097,F0_REQ_06098,"The user can manipulate and view course details, including department-wise and description.",FR,Functional,0.5
6098,F0_REQ_06099,"The user can manipulate and view department details, including department and description.",FR,Functional,0.5
6099,F0_REQ_06100,"The user can manipulate and view designation details, including designation and description.",FR,Functional,0.5
6100,F0_REQ_06101,"The user can manipulate and view donation details that have been made, such as department-wise, course-wise, and semester-wise donations.",FR,Functional,0.5
6101,F0_REQ_06102,"The user can manipulate and view exam details, including subject name, date of the exam, total marks, and pass marks.",FR,Functional,0.5
6102,F0_REQ_06103,"The user can manipulate and view fee details, including tuition fees, exam fees, and donation fees.",FR,Functional,0.5
6103,F0_REQ_06104,"The user can manipulate and view fee payment details, including fees amount, concession, fees paid, balance amount, and donation fees.",FR,Functional,0.5
6104,F0_REQ_06105,"When the user logs in, they are directed to the main page, which contains a menu strip with seven menu items: Master, Student, Employee, Transaction, Search, Report, and Exit.",FR,Functional,0.5
6105,F0_REQ_06106,"The Master menu allows the user to access department, course, designation, subject details, examination details, fees details, donation and tuition, and scholarship information.",FR,Functional,0.5
6106,F0_REQ_06107,"The Student menu allows the user to access profile entry, other details, and result entry.",FR,Functional,0.5
6107,F0_REQ_06108,The Employee menu allows the user to access staff entry and attendance details.,FR,Functional,0.5
6108,F0_REQ_06109,The Transaction menu allows the user to access student and employee transactions.,FR,Functional,0.5
6109,F0_REQ_06110,The Search menu allows the user to search for student and employee information.,FR,Functional,0.5
6110,F0_REQ_06111,"The Report menu allows the user to generate student and employee reports, including TC, class-wise report, course-wise report, result report, participation in ECA and inter-college competition, old student list, special achievements, department-wise report, and experience-wise report.",FR,Functional,0.5
6111,F0_REQ_06112,The Exit menu allows the user to confirm whether they want to continue using the application or exit.,FR,Functional,0.5
6123,F0_REQ_06124,The system assumes that each user will have only one role assigned at a time.,FR,Functional,0.5
6129,F0_REQ_06130,The system requires end users to provide their symptoms accurately to avoid false predictions.,FR,Functional,0.5
6131,F0_REQ_06132,The system ensures the security of personal health data to prevent unauthorized disclosure.,NFR,Security,0.5
6132,F0_REQ_06133,The system application will implement a secure passcode that users must enter each time they log in to prevent unauthorized access.,FR,Functional,0.5
6139,F0_REQ_06140,The system must be connected to the network for optimal performance and support simultaneous access by multiple users with fast response times.,FR,Functional,0.5
6141,F0_REQ_06142,"System must authenticate users with the correct username and password before allowing full access, ensuring database safety and secure payments.",FR,Functional,0.5
6142,F0_REQ_06143,System uses MySQL (Version 5.5.8) for the database with several tables for storing information.,FR,Functional,0.5
6143,F0_REQ_06144,System provides report generation for delivered goods to facilitate backup and recovery in case of data loss.,FR,Functional,0.5
6151,F0_REQ_06152,The Online Journal server must have high-speed Internet capability.,FR,Functional,0.5
6152,F0_REQ_06153,The physical machine for the server will be determined by the Historical Society.,FR,Functional,0.5
6153,F0_REQ_06154,The software assumes the use of a tool like Tomcat for connecting web pages and the database.,FR,Functional,0.5
6154,F0_REQ_06155,The speed of the Reader's connection depends on their hardware rather than system characteristics.,FR,Functional,0.5
6155,F0_REQ_06156,The Article Manager will run on the editor's PC and will utilize an Access database.,FR,Functional,0.5
6156,F0_REQ_06157,"Access is already installed on the editor's computer, which operates on the Windows operating system.",FR,Functional,0.5
6201,F0_REQ_06202,The server must have UPS support with at least 8 hours of backup power in case of power failure.,FR,Functional,0.5
6204,F0_REQ_06205,The developed website must be highly reliable and secure to prevent any leakage of applicant information.,FR,Functional,0.5
6240,F0_REQ_06241,The PayPal network must be available 24 hours a day to ensure continuous service availability.,FR,Functional,0.5
6241,F0_REQ_06242,Maintainers are responsible for connecting new users to the PayPal Payment System network and maintaining records of all users and transaction status for maintainability purposes.,FR,Functional,0.5
6379,F0_REQ_06380,Reliability of the system depends on the reliability of its separate components.,FR,Functional,0.5
6382,F0_REQ_06383,Maintaining the database will be facilitated by a commercial database and the application server.,FR,Functional,0.5
6383,F0_REQ_06384,"In case of failure, the program will undergo re-initialization.",FR,Functional,0.5
6384,F0_REQ_06385,Software design will prioritize modularity for efficient maintainability.,FR,Functional,0.5
6385,F0_REQ_06386,User interacts with the payment processing feature through HTML and CSS code.,FR,Functional,0.5
6386,F0_REQ_06387,User inputs their UPI ID into the designated fields.,FR,Functional,0.5
6387,F0_REQ_06388,The system handles the click event on the Pay Now button using JavaScript code.,FR,Functional,0.5
6388,F0_REQ_06389,"Upon successful payment processing, users are redirected to the payment success page.",FR,Functional,0.5
6389,F0_REQ_06390,The payment success page structure and content are defined using HTML code.,FR,Functional,0.5
6390,F0_REQ_06391,JavaScript code includes error handling mechanisms to display error messages if payment processing fails.,FR,Functional,0.5
6391,F0_REQ_06392,User adds items to the cart using JavaScript code.,FR,Functional,0.5
6392,F0_REQ_06393,"User views the cart contents, which are managed by JavaScript code.",FR,Functional,0.5
6393,F0_REQ_06394,HTML and CSS define the structure and styling of the cart interface.,FR,Functional,0.5
6394,F0_REQ_06395,JavaScript functions process user actions and update the cart display accordingly.,FR,Functional,0.5
6395,F0_REQ_06396,HTML code generates the cart display based on the current contents of the cart.,FR,Functional,0.5
6396,F0_REQ_06397,JavaScript code includes error handling functionality to ensure a smooth user experience.,FR,Functional,0.5
6397,F0_REQ_06398,User updates the cart contents using JavaScript functions.,FR,Functional,0.5
6398,F0_REQ_06399,JavaScript functions manage updating the cart based on user actions such as quantity adjustments or item removal.,FR,Functional,0.5
6503,F0_REQ_06504,User may export attendance data in a chosen format.,FR,Functional,0.5
6505,F0_REQ_06506,System may send alerts for tardiness or absences.,FR,Functional,0.5
6521,F0_REQ_06522,An antivirus has been installed on the system for safety purposes as it is connected via LAN and MAN.,FR,Functional,0.5
6523,F0_REQ_06524,Instructors must enter a password to take roll or edit database information.,FR,Functional,0.5
6525,F0_REQ_06526,An instructor can change his/her password only by supplying the existing password.,NFR,Security,0.5
6549,F0_REQ_06550,The SQL database must have scalable capacity.,FR,Functional,0.5
6554,F0_REQ_06555,"The system interfaces will be user-friendly, requiring no training for operation.",FR,Functional,0.5
6559,F0_REQ_06560,Compatibility with previous Windows versions will require further testing.,FR,Functional,0.5
6641,F0_REQ_06642,The data displayed in both the nodes within the graph and the rows in the table are MSEL Summary data,FR,Functional,0.5
6643,F0_REQ_06644,The top 1/4 of the table will hold events that are to occur sequentially.,FR,Functional,0.5
6644,F0_REQ_06645,The bottom 3/4 of the table will hold events that occur according to its relevance to current time.,FR,Functional,0.5
6671,F0_REQ_06672,Out of 1000 accesses to the system the system is available 999 times.,FR,Functional,0.5
6681,F0_REQ_06682,The product is expected to run on Windows CE and Palm operating systems.,FR,Functional,0.5
6718,F0_REQ_06719,We must be able to interface with any HTML browser.,FR,Functional,0.5
6764,F0_REQ_06765,The system will use the stored e-mail addresses as a primary means of communicating information to affected parties.,FR,Functional,0.5
6766,F0_REQ_06767,The system will notify affected parties when changes occur affecting clinicals including but not limited to clinical section capacity changes and clinical section cancellations.,FR,Functional,0.5
6767,F0_REQ_06768,The system will notify affected parties when changes occur affecting classes including but not limited to class cancellations class section detail changes and changes to class offerings for a given quarter.,FR,Functional,0.5
6768,F0_REQ_06769,The system will notify affected parties when changes occur affecting cohorts including but not limited to changes to the sequence for a cohort\92s program of study and changes to a given week\92s schedule (lab cancelled this week due to instructor illness).,FR,Functional,0.5
6769,F0_REQ_06770,The system will notify affected parties when changes occur affecting specific students including but not limited to changing a student\92s status from full time to part time and moving a student to a different clinical section.,FR,Functional,0.5
6776,F0_REQ_06777,All screens created as part of the Disputes application must comply with corporate standards for interface creation.,FR,Functional,0.5
6777,F0_REQ_06778,The list of dispute cases that are displayed after a search is performed must be color coded for easy identification of dispute cases based upon the dispute case status.,FR,Functional,0.5
6790,F0_REQ_06791,Only users with Update access must be able to initiate dispute requests.,FR,Functional,0.5
6792,F0_REQ_06793,All authorized users once authenticated must be able to logon to the Disputes System,FR,Functional,0.5
6795,F0_REQ_06796,If a user account is revoked it can only be re-instantiated by the System Administrator.,FR,Functional,0.5
6798,F0_REQ_06799,All updates to data files or database must be initiated from the Disputes System.,FR,Functional,0.5
6799,F0_REQ_06800,The Disputes application must conform to the legal requirements as specified by the Merchant Operating Regulations.,FR,Functional,0.5
6801,F0_REQ_06802,The Disputes application must conform to the legal requirements as specified by Regulation E and Regulation Z that govern credit card disputes processing.,FR,Functional,0.5
6803,F0_REQ_06804,The Disputes application must maintain a detailed history of every action that a user takes on a dispute case. This ensures a complete audit trail if questions arise later on with regard to a particular dispute case.,FR,Functional,0.5
6804,F0_REQ_06805,All actions that modify an existing dispute case must be recorded in the case history.,FR,Functional,0.5
6805,F0_REQ_06806,The Disputes System must be accessible by both internal and external users.,FR,Functional,0.5
6806,F0_REQ_06807,The Disputes System must prevent users from accessing any dispute cases that do not belong to their cardholder base.,FR,Functional,0.5
6807,F0_REQ_06808,The Disputes System will facilitate direct data entry of a dispute case via a user interface that supports real time responses to the users.,FR,Functional,0.5
6808,F0_REQ_06809,The Disputes System must provide different levels of access with regard to disputes case initiation and follow-up actions.,FR,Functional,0.5
6811,F0_REQ_06812,The Disputes System must allow the users to select disputable transactions (based on the age of the transaction) from a user interface and initiate a dispute (ticket retrieval request or chargeback notification) on the selected transaction.,FR,Functional,0.5
6812,F0_REQ_06813,The Disputes System must provide the user the ability to initiate a single dispute case on multiple transactions that belong to a single merchant.,FR,Functional,0.5
6813,F0_REQ_06814,The Disputes System will provide the user the ability to create or initiate a ticket retrieval request. As part of ticket retrieval creation process the system must prompt the user to enter all the required information to create the ticket retrieval request. The ticket retrieval request is a document that is sent to merchant inquiring the validity of a transaction.,FR,Functional,0.5
6814,F0_REQ_06815,The Disputes System must allow the user to create three unique types of ticket retrieval requests. The three types of ticket retrieval requests are (1) Request for original receipt (2) Request for a copy of the receipt or (3) Request for a portfolio. A portfolio consists of documentation that would provide proof of a purchase such as the documentation that is received from a car rental agency that is more than a sales receipt.,FR,Functional,0.5
6815,F0_REQ_06816,The Disputes System must prevent external users from requesting original receipts. Requests for original receipts are restricted to internal users.,FR,Functional,0.5
6821,F0_REQ_06822,The Disputes System must provide the ability to view existing dispute cases.,FR,Functional,0.5
6823,F0_REQ_06824,A list of all disputes cases that meet the entered search criteria must be provided to the user. The list of cases must differentiate the type and/or status of the case by color -coding the line item in the list. For example all open cases will be yellow and all closed cases will be gray.,FR,Functional,0.5
6827,F0_REQ_06828,For any systematic (non-user initiated) action that occurs on a case such as the disputes aging process a case activity will be generated. Upon the next logon the user that initiated the dispute case must be notified that a systematic action has occurred on the dispute case.,FR,Functional,0.5
6828,F0_REQ_06829,All letter requests must be formatted according to guidelines specified by the Print Letter Utility system.,FR,Functional,0.5
6829,F0_REQ_06830,Any disputes cases that have been closed for over 6 months must be purged from the online disputes database.,FR,Functional,0.5
6830,F0_REQ_06831,The product must support Internet Explorer 5.5 and above.,FR,Functional,0.5
6831,F0_REQ_06832,The product must support Mozilla Firefox 1.0 and above.,FR,Functional,0.5
6854,F0_REQ_06855,The maintenance of the product will fall within the established corporate maintenance windows.,FR,Functional,0.5
6858,F0_REQ_06859,Only adjusters with a supervisor role can update preferred repair facility ratings. Users without the supervisor role cannot access the repair facility ratings.,FR,Functional,0.5
6864,F0_REQ_06865,The product must comply with Sarbanes-Oxley.,FR,Functional,0.5
6897,F0_REQ_06898,The system will display a blank set of ratings if there are not ratings yet defined.,FR,Functional,0.5
6903,F0_REQ_06904,The product must work with most database management systems (DBMS) on the market whether the DBMS is colocated with the product on the same machine or is located on a different machine on the computer network.,FR,Functional,0.5
6904,F0_REQ_06905,The product will function alongside server software on any operating system where the Java runtime can be installed.,FR,Functional,0.5
6905,F0_REQ_06906,The product will require collaboration with a database management system (DBMS). The DBMS may be located on the same machine as the product or on a separate machine residing on the same computer network.,FR,Functional,0.5
6906,F0_REQ_06907,The product must make use of web/application server technology. Open source examples include Apache web server Tomcat and the JBoss application server.,FR,Functional,0.5
6907,F0_REQ_06908,A database management system such as Oracle DB2 MySql or HSQL will need to be integrated with the product.,FR,Functional,0.5
6931,F0_REQ_06932,The product will be available for licensing as a one-server two-five servers or five-or-more servers license.,FR,Functional,0.5
6939,F0_REQ_06940,The product is expected to integrate with multiple database management systems. The product will operate with Oracle SQL Server DB2 MySQL HSQL and MS Access.,FR,Functional,0.5
6949,F0_REQ_06950,The product must be developed with the J2SE/J2EE programming language libraries,FR,Functional,0.5
6951,F0_REQ_06952,The product will notify employees of meeting invitations.,FR,Functional,0.5
6954,F0_REQ_06955,The product will record meeting acknowledgements.,FR,Functional,0.5
6957,F0_REQ_06958,The product will be able to delete conference rooms.,FR,Functional,0.5
6959,F0_REQ_06960,The product will update existing room equipment.,FR,Functional,0.5
6972,F0_REQ_06973,The product will allow priviledged users to view meeting schedules in multiple reporting views.,FR,Functional,0.5
6976,F0_REQ_06977,The product will display an available status for unreserved conference rooms.,FR,Functional,0.5
6981,F0_REQ_06982,The System shall maintain consistent security. Any changes in user passwords and/or permissions should take affect in all parts of the System.,FR,Functional,0.5
6982,F0_REQ_06983,The System shall granularly control access rights to all major subsystems. It should be possible to assign access rights to all subsystems independently.,FR,Functional,0.5
7011,F0_REQ_07012,The website shall be attractive to all audiences. The website shall appear to be fun and the colors should be bright and vibrant.,FR,Functional,0.5
7014,F0_REQ_07015,The product should be able to be used by 90% of novice users on the Internet.,FR,Functional,0.5
7020,F0_REQ_07021,The product shall be easy for customers with novice skills on the Internet to purchase and watch streaming movies. Customers should be able to purchase and watch a pre-determined movie in under 3 minutes.,FR,Functional,0.5
7022,F0_REQ_07023,The website will use standard Internet conventions when interacting with the user.,FR,Functional,0.5
7024,F0_REQ_07025,When purchasing a streaming movie or pre-paid card via credit card the processing time should have a maximum response time of 15 seconds.,NFR,Performance,0.5
7025,F0_REQ_07026,When streaming a movie the buffering time should take no longer than 10 seconds (plus any latency on the user\92s connection.),NFR,Performance,0.7
7027,F0_REQ_07028,All credit card information will be secured on the server and only accessible by authorized Izogn administrators. Information will be encrypted in the database.,FR,Functional,0.5
7033,F0_REQ_07034,The streaming server will support 50 simultaneous streaming connections.,FR,Functional,0.5
7034,F0_REQ_07035,The streaming server will support a maximum of 700 movies; new servers can be added to support more movies.,FR,Functional,0.5
7035,F0_REQ_07036,The server will support a maximum of 1 000 simultaneous users.,FR,Functional,0.5
7039,F0_REQ_07040,The same hardware supporting the current website will be used to support the new system.,FR,Functional,0.5
7040,F0_REQ_07041,We must be able to interface with the following browsers: IE 5.X 6.0 Netscape 6.x 7.x 8.x and Firefox 1.0.,FR,Functional,0.5
7041,F0_REQ_07042,Website must interface with the CyberSource API to process credit card transactions.,FR,Functional,0.5
7042,F0_REQ_07043,Website must be fully operational with MSN TV2.,FR,Functional,0.5
7046,F0_REQ_07047,Izogn Administrator must be able to update the category listings on the website within 2 minutes.,FR,Functional,0.5
7047,F0_REQ_07048,Izogn Administrator must be able to add new products to the website within 2 minutes.,FR,Functional,0.5
7049,F0_REQ_07050,The website will provide a help section with answers and solutions to common problems.,FR,Functional,0.5
7050,F0_REQ_07051,Velkat staff will be available for phone support between 7am-7pm M-F to provide technical support to the Izogn administrators.,FR,Functional,0.5
7052,F0_REQ_07053,Only registered customers can purchase streaming movies.,FR,Functional,0.5
7053,F0_REQ_07054,A customer can only stream a movie if they purchased it and are within the 2 day viewing period.,FR,Functional,0.5
7054,F0_REQ_07055,Only authorized personnel can access customer records in the database.,FR,Functional,0.5
7055,F0_REQ_07056,Only administrators can activate a pre-paid card.,FR,Functional,0.5
7056,F0_REQ_07057,Only authorized personnel can access sales information.,FR,Functional,0.5
7059,F0_REQ_07060,Data integrity scripts will be run on a weekly basis to verify the integrity of the database.,FR,Functional,0.5
7063,F0_REQ_07064,All customer information will be stored on a secure database accessible only to authorized personnel.,FR,Functional,0.5
7064,F0_REQ_07065,All credit card information will be encrypted in the database.,FR,Functional,0.5
7065,F0_REQ_07066,The streaming server will have anti-virus software to prevent infection of malicious viruses.,FR,Functional,0.5
7071,F0_REQ_07072,The website will comply with W3C standards.,FR,Functional,0.5
7072,F0_REQ_07073,The PHP code will comply with PEAR standards.,FR,Functional,0.5
7073,F0_REQ_07074,The website will allow customers to search for movies by title actor or director.,FR,Functional,0.5
7074,F0_REQ_07075,viewing a movie details the website will display the movies description actor and director entered in by the administrator.,FR,Functional,0.5
7081,F0_REQ_07082,System will allow customers to pay for a streaming movie with a pre-paid card.,FR,Functional,0.5
7086,F0_REQ_07087,Movies can only be streamed if the customer has purchased a movie and is within the 2-day time period to stream the movie.,FR,Functional,0.5
7087,F0_REQ_07088,Website must be able to support free trial periods with various parameters set by the Izogn Manager.,FR,Functional,0.5
7088,F0_REQ_07089,All streaming movie sales will be logged in the database and accessible by the administrator.,FR,Functional,0.5
7095,F0_REQ_07096,The process must fit within the processing time conditions set forth by the Auto Rep Assignment process in which a lead is assigned within 3 minutes of the total life cycle.,FR,Functional,0.5
7096,F0_REQ_07097,The lead washing process will operate within the established physical web service structure.,FR,Functional,0.5
7097,F0_REQ_07098,The washing process must use a non binding neutral data format such as xml when receiving and processing lead data.,FR,Functional,0.5
7098,F0_REQ_07099,Defect reports will be available to technical units on a 24x7 basis.,FR,Functional,0.5
7099,F0_REQ_07100,Washing parameters will be updated during scheduled maintenance hours.,FR,Functional,0.5
7100,F0_REQ_07101,The vendor will verify the invalid lead.,FR,Functional,0.5
7101,F0_REQ_07102,Vendor will submit a credit validation record to be applied to the enterprise billing system.,FR,Functional,0.5
7102,F0_REQ_07103,If a lead is scored to the high range the system will supply the lead data and score to the enterprise system.,FR,Functional,0.5
7103,F0_REQ_07104,The leads washing functionality will validate all leads received by the web service for valid data,FR,Functional,0.5
7104,F0_REQ_07105,The leads washing functionality will insert all leads captured by the web service.,FR,Functional,0.5
7105,F0_REQ_07106,If the leads score falls within the high average score then it will be process by the ARA functionality.,FR,Functional,0.5
7106,F0_REQ_07107,If the leads score falls within the medium average then it will be set for manual verification by an Enrollment Coordinator through the eleads system.,FR,Functional,0.5
7107,F0_REQ_07108,If the leads score falls within the low average then it will be returned to the supplying vendor,FR,Functional,0.5
7108,F0_REQ_07109,The leads washing functionality will compile both contact and academic scoring information for a total score.,FR,Functional,0.5
7109,F0_REQ_07110,The leads washing functionality will use the parameters supplied by corporate and schools to score part of the lead.,FR,Functional,0.5
7110,F0_REQ_07111,The leads washing functionality will return the lead data supplied to the vendor along with the reason of rejection.,FR,Functional,0.5
7111,F0_REQ_07112,The leads washing functionality will have an interface in which lead data parameters can be maintained.,FR,Functional,0.5
7112,F0_REQ_07113,The leads washing functionality will verify the users authentication and rights to make parameter updates.,FR,Functional,0.5
7113,F0_REQ_07114,The leads washing functionality will store any potential lead duplicates returned by the enterprise system.,FR,Functional,0.5
7114,F0_REQ_07115,Prior to submitting the lead to the enterprise system the leads washing functionality will assign the lead to an admissions rep.,FR,Functional,0.5
7166,F0_REQ_07167,The notification of the game ending will include the reason the game is ended (i.e. a player has won the game or a player has ended the game).,FR,Functional,0.5
7175,F0_REQ_07176,The system must be available for use between 7:00AM and 11:59PM all days of the year.,FR,Functional,0.5
7206,F0_REQ_07207,The system interface will use CCR nomenclature. The system must use the same nomenclature used in the existing WCS system and reports,FR,Functional,0.5
7207,F0_REQ_07208,The interface must summarize the data in a fashion that\92s appealing to CCR management. Every report type must have at least one high level summary shown in the results dashboard/interface,FR,Functional,0.5
7210,F0_REQ_07211,Reports must be easy to generate. Reports must be generated within one button click and exported within one button click (after selecting the report),FR,Functional,0.5
7218,F0_REQ_07219,The Brio portion of the WCS system must be able to export files in spreadsheet form (Microsoft Excel and Lotus 1-2-3 formats). Brio will provide buttons in the user interface that produce/export reports in .xls or .123 file formats.,FR,Functional,0.5
7219,F0_REQ_07220,The WCS system must run queries to the WCS databases once again (on a specified day) to update the available data available to CCR users. Queries must be made to external databases for data refresh once a week.,FR,Functional,0.5
7223,F0_REQ_07224,Each team owner will need to use a username and password in order to be authenticated to reach the team owner\92s page,FR,Functional,0.5
7224,F0_REQ_07225,The Commissioner will be the only authorized user per league to adjust league settings.,FR,Functional,0.5
7235,F0_REQ_07236,A primary database will be used to store cached data for active users.,FR,Functional,0.5
7236,F0_REQ_07237,A secondary database will be used to store historical statistics and data.,FR,Functional,0.5
7242,F0_REQ_07243,The RFS system should be able to easily interface with the BDW environment in order to load the data. \95 7 data files shall be received from the BDW and loaded into the RFS system within 3 hours one day prior to the start of budgeting process every year. The data will be as of October month-end. Test files (7) shall be loaded up to 5 times throughout the year from the BDW.,FR,Functional,0.5
7243,F0_REQ_07244,Changes to revenue and expense formulae must be applied to the RFS system every year prior to the budgeting process start. Revenue and expense formulae will be updated within one week of their receipt after which 2 weeks will be allotted to testing of the budget calculations to be conducted jointly by the project development team and PCG Finance.,FR,Functional,0.5
7248,F0_REQ_07249,The intranet pages should display appropriately in all resolutions from 800x600 and higher. The display of all the pages will be correct in 95% of the resolutions prior to implementation. The remaining 5% will be corrected within a week of notification of the incorrect display.,FR,Functional,0.5
7250,F0_REQ_07251,The product interface should be fast. The response time of the product interface should not exceed 2 seconds 90% of the time. For 10% of the time the response time should not be more than 10 seconds.not be more than 10 seconds.,NFR,Performance,0.5
7273,F0_REQ_07274,The meeting scheduler system may (optionally) automatically propose another meeting if current meeting is canceled by an important participant.,FR,Functional,0.5
7274,F0_REQ_07275,The meeting scheduler system may provide the “meeting initiator” a summary of the scan of “potential meeting participants” showing available “time slots” and schedule conflicts as a means of informing the “meeting initiator” of the overall results of the system.,FR,Functional,0.5
7275,F0_REQ_07276,The meeting scheduler system may be able to include an agenda for a meeting proposal.,FR,Functional,0.5
7276,F0_REQ_07277,The meeting scheduler system may suggest a “virtual meeting” for available “time slots” if no location is available or feasible for the meeting.,FR,Functional,0.5
7277,F0_REQ_07278,The meeting scheduler system may be able to include a list of required equipment for a meeting proposal.,FR,Functional,0.5
7278,F0_REQ_07279,A meeting scheduler system will temporarily reserve the “time slots” for the proposed meeting.,FR,Functional,0.5
7279,F0_REQ_07280,A meeting scheduler system will inform the “potential meeting participant” of the meeting.,FR,Functional,0.5
7280,F0_REQ_07281,The system must be easy to use by both managers and chefs such that they do not need to read an extensive amount of manuals.,FR,Functional,0.5
7281,F0_REQ_07282,The system must be quickly accessible by both managers and chefs.,FR,Functional,0.5
7282,F0_REQ_07283,The system must be intuitive and simple in the way it displays all relevant data and relationships.,FR,Functional,0.5
7283,F0_REQ_07284,The menus of the system must be easily navigable by the users with buttons that are easy to understand.,FR,Functional,0.5
7284,F0_REQ_07285,All the functions of the system must be available to the user every time the system is turned on.,FR,Functional,0.5
7294,F0_REQ_07295,Only users who have been authorized for home access to the corporate Intranet may use the COS from non-company locations.,FR,Functional,0.5
7295,F0_REQ_07296,Programmers and application developers will have access to source code to address bugs or system enhancements as deemed necessary. Network Administrator and DBA support is also required to maintain a 24x7 system uptime.,NFR,Usability,0.7
7296,F0_REQ_07297,System security and access levels are provided in the online system. There are varying levels of system access and functional authority. Each student’s access is limited to his/her own registration records. Only authorized system administrator(s) has access to all student registration records.,FR,Functional,0.5
7300,F0_REQ_07301,Changes made to the Manage My ID website can be adopted without altering the iOS application.,FR,Functional,0.5
7315,F0_REQ_07316,The system shall be able to display a menu at all times to facilitate manual order taking should the need arise.,FR,Functional,0.5
7318,F0_REQ_07319,A waiter password used for tablet login must have a bit-strength of at least 64 bits.,FR,Functional,0.5
7319,F0_REQ_07320,A waiter password used for tablet login must be changed every three months.,FR,Functional,0.5
7325,F0_REQ_07326,The system will fully function in major browsers.,FR,Functional,0.5
7326,F0_REQ_07327,The system will support mobile users in some way.,FR,Functional,0.5
7329,F0_REQ_07330,System will use secured database.,FR,Functional,0.5
7330,F0_REQ_07331,Unauthorised users can only read data without modifying anything.,FR,Functional,0.5
7332,F0_REQ_07333,Authenticate and Login user to the web app.,FR,Functional,0.5
7333,F0_REQ_07334,Enable new users to register to the tech support system.,FR,Functional,0.5
7334,F0_REQ_07335,Enable a registered user to change his password if he forgets his password.,NFR,Security,0.5
7335,F0_REQ_07336,Enable a registered user to view his profile. Additional information viz. questions asked by him and answers posted by him are also displayed.,FR,Functional,0.5
7336,F0_REQ_07337,Enable a user to view questions and their corresponding answers.,FR,Functional,0.5
7337,F0_REQ_07338,Enable a logged in user to ask questions.,FR,Functional,0.5
7338,F0_REQ_07339,Enable a logged in user to post answers.,FR,Functional,0.5
7339,F0_REQ_07340,Enable a logged in user to up vote and down vote answers.,FR,Functional,0.5
7340,F0_REQ_07341,Provide an interface for the admin to approve posts so that posts are not visible without admin approval.,FR,Functional,0.5
7341,F0_REQ_07342,Enable the admin to generate reports which contains all the posts and their corresponding replies.,FR,Functional,0.5
7343,F0_REQ_07344,Be intuitive even to first time users,FR,Functional,0.5
7344,F0_REQ_07345,Flea Market system will interface with the web server and RDBMS software using APIs provided by the implementation language,FR,Functional,0.5
7345,F0_REQ_07346,All transactions at the Flea Market require a valid user ID and password.,NFR,Security,0.5
7346,F0_REQ_07347,Secure data transfer over the Internet could be provided using SSL encryption that will be configured by the host system administrator.,FR,Functional,0.5
7347,F0_REQ_07348,The IP addresses where the transaction was made from will be logged.,FR,Functional,0.5
7348,F0_REQ_07349,User passwords will be stored in the database in an encrypted format.,FR,Functional,0.5
7349,F0_REQ_07350,Most of the system functions will be controlled using the administrative interface.,FR,Functional,0.5
7350,F0_REQ_07351,Detailed documentation of the code and SRS will enable easy maintenance of the Flea Market.,FR,Functional,0.5
7351,F0_REQ_07352,Information recorded must include an optional field for context.,FR,Functional,0.5
7353,F0_REQ_07354,It must be able to download the most recent medical record.,FR,Functional,0.5
7354,F0_REQ_07355,It must store the most recent copy of information in its application data folder.,FR,Functional,0.5
7355,F0_REQ_07356,It must only update the parts that have changed when connecting to the server.,FR,Functional,0.5
7356,F0_REQ_07357,It must be able to change and update information on the server.,FR,Functional,0.5
7357,F0_REQ_07358,The application must log the user out when it is exited.,FR,Functional,0.5
7360,F0_REQ_07361,The user must be able to set an option to hide information based on who has tagged it.,FR,Functional,0.5
7361,F0_REQ_07362,The user must be able to add photos from his/her photo library to his/her medical record.,FR,Functional,0.5
7362,F0_REQ_07363,It must allow a user to login.,FR,Functional,0.5
7363,F0_REQ_07364,It must allow a user to logout.,FR,Functional,0.5
7364,F0_REQ_07365,All information must be viewable on the website.,FR,Functional,0.5
7365,F0_REQ_07366,All information must be updatable on the website.,FR,Functional,0.5
7366,F0_REQ_07367,It must allow a user to download a backup of their medical information.,FR,Functional,0.5
7367,F0_REQ_07368,Logout must be automatic after 1 hour of inactivity.,FR,Functional,0.5
7368,F0_REQ_07369,Full data backups must be created daily.,FR,Functional,0.5
7369,F0_REQ_07370,A user must be logged on to be able to view or edit any medical information.,FR,Functional,0.5
7370,F0_REQ_07371,Each account must securely store all of its data.,FR,Functional,0.5
7377,F0_REQ_07378,The system should keep the customer contact number.,NFR,Performance,0.5
7382,F0_REQ_07383,The website is available whenever the users want to use it.,FR,Functional,0.5
7383,F0_REQ_07384,The system use SSL (secured socket layer) in all transactions that include any confidential customer information.,FR,Functional,0.5
7384,F0_REQ_07385,The system must automatically log out all customers after a period of inactivity.,FR,Functional,0.5
7387,F0_REQ_07388,Sensitive data will be encrypted before being sent over insecure connections like the internet.,FR,Functional,0.5
7388,F0_REQ_07389,The system provides storage of all databases on redundant computers with automatic switchover.,FR,Functional,0.5
7389,F0_REQ_07390,The reliability of the overall program depends on the reliability of the separate components. The main pillar of reliability of the system is the backup of the database which is continuously maintained and updated to reflect the most recent changes.,NFR,Reliability,0.5
7390,F0_REQ_07391,An end-user may use this system on any OS; either it is Windows or Linux.,FR,Functional,0.5
7393,F0_REQ_07394,The product is Web based therefore it will be used in any environment that allows Web access.,FR,Functional,0.5
7397,F0_REQ_07398,Everyone (stakeholders and guests) can have access to the system and the catalogue. Every client must have secure and private access to his/her data. The and the service man can have access to every part of the system. All these accesses (except the “guest tour” access) require identification through ID and password.,FR,Functional,0.5
7398,F0_REQ_07399,The system will develop a security system that will reduce to the minimum the possibility of corruption from systems and/or humans.,FR,Functional,0.5
7401,F0_REQ_07402,The software system needs a robust security mechanism in place so that unauthorized users are not allowed access to parts of the system.,FR,Functional,0.5
7405,F0_REQ_07406,Since the software must run on several popular hardware platforms and the goal is to achieve a reasonable level of platform independence.,FR,Functional,0.5
7406,F0_REQ_07407,High level of performance requires high speed network and high level of connectivity.,NFR,Performance,0.5
7408,F0_REQ_07409,Every user of the software is provided a unique login ID and a password which is stored in the database hashed by SHA2 algorithm.,FR,Functional,0.5
7409,F0_REQ_07410,The software is available for use from the supermarket opening time to the closing time.,FR,Functional,0.5
7412,F0_REQ_07413,System will use secured database,FR,Functional,0.5
7413,F0_REQ_07414,Normal users can just read information but they cannot edit or modify anything except their personal and some other information.,FR,Functional,0.5
7414,F0_REQ_07415,System will have different types of users and every user has access constraints.,FR,Functional,0.5
7415,F0_REQ_07416,Control the database and keep track of all records of customers and employee details.,FR,Functional,0.5
7416,F0_REQ_07417,Contact with the vendors and give permission to sell their product under the site after testing the product’s quality.,FR,Functional,0.5
7417,F0_REQ_07418,View the details of all employees and control the whole site.,FR,Functional,0.5
7418,F0_REQ_07419,Customers must have a valid login id to enter into the site.,FR,Functional,0.5
7419,F0_REQ_07420,New users can sign up by creating new ID.,FR,Functional,0.5
7420,F0_REQ_07421,Can view all available products and can compare them and make a choice for purchasing products.,FR,Functional,0.5
7421,F0_REQ_07422,Can purchase any product through valid credit card.,FR,Functional,0.5
7422,F0_REQ_07423,Can give feedback to the 24X7 Customer Care Service center about their impression for the site and services.,FR,Functional,0.5
7423,F0_REQ_07424,Customer must logout of the site after purchasing products.,FR,Functional,0.5
7424,F0_REQ_07425,Can only visit the site without registration.,FR,Functional,0.5
7425,F0_REQ_07426,Vendors must take permission from the Administrator for selling their products under the site. Administrator will test product’s quality according to its market price to permit vendor for selling purpose.,FR,Functional,0.5
7426,F0_REQ_07427,Can consult with the Administrator regarding product’s quality and advertisements.,FR,Functional,0.5
7427,F0_REQ_07428,View the personal details of the customer.,FR,Functional,0.5
7428,F0_REQ_07429,Responsible for properly allocating the selected product according to the customer’s choice and delivering product to the customer.,FR,Functional,0.5
7429,F0_REQ_07430,Keep track of each product item’s stocks for selling purpose.,FR,Functional,0.5
7430,F0_REQ_07431,Responsible for informing administrator when any product item’s stock goes under the minimum level.,FR,Functional,0.5
7431,F0_REQ_07432,Taking permission from the Administrator for the product to be purchased from vendor.,FR,Functional,0.5
7432,F0_REQ_07433,Responsible for managing stocks of each product items.,FR,Functional,0.5
7433,F0_REQ_07434,Keep track of all the payment transactions made by the customers and update the payment information.,FR,Functional,0.5
7435,F0_REQ_07436,Consult with the Administrator about the payment details of the customers for the updating of the database.,FR,Functional,0.5
7436,F0_REQ_07437,Provide feasible solutions to the customers on their complaints and queries.,FR,Functional,0.5
7438,F0_REQ_07439,The system is expected to have reasonable short time response. The voter should be able to login and should be able to get response for his requests in 2-3 seconds.,NFR,Performance,0.5
7439,F0_REQ_07440,The data transaction between client and server must be encrypted using SSL technology.,FR,Functional,0.5
7440,F0_REQ_07441,All the passwords that are generated or accepted must be stored in database in an encrypted form.,FR,Functional,0.5
7444,F0_REQ_07445,The physician/pharmacist must have a valid user login to access the system.,FR,Functional,0.5
7445,F0_REQ_07446,A failed login will alert the physician/pharmacist.,FR,Functional,0.5
7446,F0_REQ_07447,A list of available patients is displayed after login.,FR,Functional,0.5
7447,F0_REQ_07448,An error message alerts when an invalid patient is entered.,FR,Functional,0.5
7448,F0_REQ_07449,Backspace/reset capability is implemented for typing errors.,FR,Functional,0.5
7449,F0_REQ_07450,Selected or specified patient’s information is loaded.,FR,Functional,0.5
7450,F0_REQ_07451,Return to List is available if the patient loaded is not correct.,FR,Functional,0.5
7451,F0_REQ_07452,Navigation to each selected tab.,FR,Functional,0.5
7452,F0_REQ_07453,The font will be larger enough for easy reading.,FR,Functional,0.5
7453,F0_REQ_07454,Icons will clearly illustrate the feature it represents.,FR,Functional,0.5
7454,F0_REQ_07455,Basic Patient information is showed first.,FR,Functional,0.5
7455,F0_REQ_07456,Customized information is displayed.,FR,Functional,0.5
7456,F0_REQ_07457,Each entry is shown in full.,FR,Functional,0.5
7457,F0_REQ_07458,The text and time/date of a note that has been entered is displayed starting with most recent.,FR,Functional,0.5
7458,F0_REQ_07459,New and Delete buttons will allow the physician/pharmacist to add a notation to the patient’s file.,FR,Functional,0.5
7459,F0_REQ_07460,A description and time/date of each prescription that has been ordered or given is displayed starting with most recent.,FR,Functional,0.5
7497,F0_REQ_07498,User authentication and privileges are defined outside the scope of the sytem by the Microsoft Active Directroy Server.,NFR,Security,0.5
7498,F0_REQ_07499,Personal information security is defined outside the scope of the SDMS by the database server.,NFR,Security,0.5
7580,F0_REQ_07581,The system will use a single password per user to login to the E-Store System.,FR,Functional,0.5
7582,F0_REQ_07583,Any page of the application should not take more than 6 seconds to load on a DSL broadband connection.,NFR,Performance,0.5
7583,F0_REQ_07584,The system may be throttled or slowed down on heavy loads to ensure service for everybody. By throttling is meant that certain functionality may be unavailable during heavy server load.,FR,Functional,0.5
7587,F0_REQ_07588,A secure server will be required to ensure confidentiality of customer’s credit card and other details.,FR,Functional,0.5
7589,F0_REQ_07590,It should not take more than 120 seconds for a new user to register for an account.,NFR,Performance,0.5
7590,F0_REQ_07591,It should not take more than 90 seconds for a registered user to place an order.,NFR,Performance,0.5
7593,F0_REQ_07594,Registered User must be able to maintain his/her session information for at least 60 minutes of inactive session before the system prompts him to log out of the system. The registered user must be provided with all the options of the E-store regardless of the time when he/she logs in.,FR,Functional,0.5
7594,F0_REQ_07595,The entire website must be user-friendly and easily navigable. The website must be provided with a site map for quick access to a particular link according to the requirement specification. The user must be able to find what he/she wants from the site without any difficulty. The website must adhere to branding schemes and the layout of the web pages must be uniform throughout,FR,Functional,0.5
7596,F0_REQ_07597,The website must provide highest degree of security to the registered users. All the transactions that are made must be secured. The sensitive information passed to and from the website must be secured. Identity theft and other security related issues must be solved. Unauthorized transmission of sensitive information of the user to third party websites for reference must be avoided. On the basis of user agreement the information must be processed. All the information about the registered user must be securely stored in the central database.,FR,Functional,0.5
7609,F0_REQ_07610,"L:The Disputes application must maintain a detailed history of every action that a user takes on a dispute case. This ensures a complete audit trail if questions arise later on with regard to a particular dispute case.,",FR,Functional,0.5
7610,F0_REQ_07611,"L:All actions that modify an existing dispute case must be recorded in the case history.,",FR,Functional,0.5
7611,F0_REQ_07612,"F:The Disputes System must be accessible by both internal and external users.,",FR,Functional,0.5
7612,F0_REQ_07613,"F:The Disputes System must prevent users from accessing any dispute cases that do not belong to their cardholder base.,",FR,Functional,0.5
7613,F0_REQ_07614,"F:The Disputes System will facilitate direct data entry of a dispute case via a user interface that supports real time responses to the users.,",FR,Functional,0.5
7614,F0_REQ_07615,"F:The Disputes System must provide different levels of access with regard to disputes case initiation and follow-up actions.,",FR,Functional,0.5
7617,F0_REQ_07618,"F:The Disputes System must allow the users to select disputable transactions (based on the age of the transaction) from a user interface and initiate a dispute (ticket retrieval request or chargeback notification) on the selected transaction.,",FR,Functional,0.5
7618,F0_REQ_07619,"F:The Disputes System must provide the user the ability to initiate a single dispute case on multiple transactions that belong to a single merchant.,",FR,Functional,0.5
7619,F0_REQ_07620,"F:The Disputes System will provide the user the ability to create or initiate a ticket retrieval request. As part of ticket retrieval creation process the system must prompt the user to enter all the required information to create the ticket retrieval request. The ticket retrieval request is a document that is sent to merchant inquiring the validity of a transaction.,",FR,Functional,0.5
7620,F0_REQ_07621,"F:The Disputes System must allow the user to create three unique types of ticket retrieval requests. The three types of ticket retrieval requests are (1) Request for original receipt (2) Request for a copy of the receipt or (3) Request for a portfolio. A portfolio consists of documentation that would provide proof of a purchase such as the documentation that is received from a car rental agency that is more than a sales receipt.,",FR,Functional,0.5
7621,F0_REQ_07622,"F:The Disputes System must prevent external users from requesting original receipts. Requests for original receipts are restricted to internal users.,",FR,Functional,0.5
7625,F0_REQ_07626,"F:The Disputes System must provide the ability to view existing dispute cases.,",FR,Functional,0.5
7627,F0_REQ_07628,"F:A list of all disputes cases that meet the entered search criteria must be provided to the user. The list of cases must differentiate the type and/or status of the case by color -coding the line item in the list. For example all open cases will be yellow and all closed cases will be gray.,",FR,Functional,0.5
7631,F0_REQ_07632,"F: For any systematic (non-user initiated) action that occurs on a case such as the disputes aging process a case activity will be generated. Upon the next logon the user that initiated the dispute case must be notified that a systematic action has occurred on the dispute case.,",FR,Functional,0.5
7632,F0_REQ_07633,"F:All letter requests must be formatted according to guidelines specified by the Print Letter Utility system.,",FR,Functional,0.5
7633,F0_REQ_07634,"F:Any disputes cases that have been closed for over 6 months must be purged from the online disputes database.,",FR,Functional,0.5
7634,F0_REQ_07635,"O:The product must support Internet Explorer 5.5 and above.,",FR,Functional,0.5
7635,F0_REQ_07636,"O:The product must support Mozilla Firefox 1.0 and above.,",FR,Functional,0.5
7642,F0_REQ_07643,"PO:The software product is expected to run on Windows or Linux platforms.,",FR,Functional,0.5
7659,F0_REQ_07660,"O:The maintenance of the product will fall within the established corporate maintenance windows.,",FR,Functional,0.5
7663,F0_REQ_07664,"SE:Only adjusters with a supervisor role can update preferred repair facility ratings. Users without the supervisor role cannot access the repair facility ratings.,",FR,Functional,0.5
7669,F0_REQ_07670,"L:The product must comply with Sarbanes-Oxley.,",FR,Functional,0.5
7702,F0_REQ_07703,"F:The system will display a blank set of ratings if there are not ratings yet defined.,",FR,Functional,0.5
7708,F0_REQ_07709,"O: The product must work with most database management systems (DBMS) on the market whether the DBMS is colocated with the product on the same machine or is located on a different machine on the computer network.,",FR,Functional,0.5
7709,F0_REQ_07710,"O:The product will function alongside server software on any operating system where the Java runtime can be installed.,",FR,Functional,0.5
7710,F0_REQ_07711,"O:The product will require collaboration with a database management system (DBMS). The DBMS may be located on the same machine as the product or on a separate machine residing on the same computer network.,",FR,Functional,0.5
7711,F0_REQ_07712,"O: The product must make use of web/application server technology. Open source examples include Apache web server Tomcat and the JBoss application server.,",FR,Functional,0.5
7712,F0_REQ_07713,"O: A database management system such as Oracle DB2 MySql or HSQL will need to be integrated with the product.,",FR,Functional,0.5
7736,F0_REQ_07737,"O: The product will be available for licensing as a one-server two-five servers or five-or-more servers license.,",FR,Functional,0.5
7744,F0_REQ_07745,"O: The product is expected to integrate with multiple database management systems. The product will operate with Oracle SQL Server DB2 MySQL HSQL and MS Access.,",FR,Functional,0.5
7754,F0_REQ_07755,"O:The product must be developed with the J2SE/J2EE programming language libraries,",FR,Functional,0.5
7756,F0_REQ_07757,"F:The product will notify employees of meeting invitations.,",FR,Functional,0.5
7759,F0_REQ_07760,"F:The product will record meeting acknowledgements.,",FR,Functional,0.5
7762,F0_REQ_07763,"F:The product will be able to delete conference rooms.,",FR,Functional,0.5
7764,F0_REQ_07765,"F:The product will update existing room equipment.,",FR,Functional,0.5
7777,F0_REQ_07778,"F:The product will allow priviledged users to view meeting schedules in multiple reporting views.,",FR,Functional,0.5
7781,F0_REQ_07782,"F:The product will display an available status for unreserved conference rooms.,",FR,Functional,0.5
7786,F0_REQ_07787,"SE:The System shall maintain consistent security. Any changes in user passwords and/or permissions should take affect in all parts of the System.,",FR,Functional,0.5
7787,F0_REQ_07788,"SE:The System shall granularly control access rights to all major subsystems. It should be possible to assign access rights to all subsystems independently.,",FR,Functional,0.5
7816,F0_REQ_07817,"LF:The website shall be attractive to all audiences. The website shall appear to be fun and the colors should be bright and vibrant.,",FR,Functional,0.5
7819,F0_REQ_07820,"US:The product should be able to be used by 90% of novice users on the Internet.,",FR,Functional,0.5
7825,F0_REQ_07826,"US:The product shall be easy for customers with novice skills on the Internet to purchase and watch streaming movies. Customers should be able to purchase and watch a pre-determined movie in under 3 minutes.,",FR,Functional,0.5
7827,F0_REQ_07828,"US:The website will use standard Internet conventions when interacting with the user.,",FR,Functional,0.5
7829,F0_REQ_07830,"PE: When purchasing a streaming movie or pre-paid card via credit card the processing time should have a maximum response time of 15 seconds.,",NFR,Performance,0.5
7830,F0_REQ_07831,"PE: When streaming a movie the buffering time should take no longer than 10 seconds (plus any latency on the user s connection.),",NFR,Performance,0.7
7832,F0_REQ_07833,"SE: All credit card information will be secured on the server and only accessible by authorized Izogn administrators. Information will be encrypted in the database.,",FR,Functional,0.5
7838,F0_REQ_07839,"SC:The streaming server will support 50 simultaneous streaming connections.,",FR,Functional,0.5
7839,F0_REQ_07840,"SC: The server will support a maximum of 1 000 simultaneous users.,",FR,Functional,0.5
7843,F0_REQ_07844,"O:The same hardware supporting the current website will be used to support the new system.,",FR,Functional,0.5
7844,F0_REQ_07845,"O: We must be able to interface with the following browsers: IE 5.X 6.0 Netscape 6.x 7.x 8.x and Firefox 1.0.,",FR,Functional,0.5
7845,F0_REQ_07846,"O:Website must interface with the CyberSource API to process credit card transactions.,",FR,Functional,0.5
7846,F0_REQ_07847,"O:Website must be fully operational with MSN TV2.,",FR,Functional,0.5
7850,F0_REQ_07851,"PE:Izogn Administrator must be able to update the category listings on the website within 2 minutes.,",FR,Functional,0.5
7851,F0_REQ_07852,"PE:Izogn Administrator must be able to add new products to the website within 2 minutes.,",FR,Functional,0.5
7853,F0_REQ_07854,"US:The website will provide a help section with answers and solutions to common problems.,",FR,Functional,0.5
7854,F0_REQ_07855,"A: Velkat staff will be available for phone support between 7am-7pm M-F to provide technical support to the Izogn administrators.,",FR,Functional,0.5
7856,F0_REQ_07857,"SE:Only registered customers can purchase streaming movies.,",FR,Functional,0.5
7857,F0_REQ_07858,"SE: A customer can only stream a movie if they purchased it and are within the 2 day viewing period.,",FR,Functional,0.5
7858,F0_REQ_07859,"SE:Only authorized personnel can access customer records in the database.,",FR,Functional,0.5
7859,F0_REQ_07860,"SE:Only administrators can activate a pre-paid card.,",FR,Functional,0.5
7860,F0_REQ_07861,"SE:Only authorized personnel can access sales information.,",FR,Functional,0.5
7863,F0_REQ_07864,"SE:Data integrity scripts will be run on a weekly basis to verify the integrity of the database.,",FR,Functional,0.5
7867,F0_REQ_07868,"SE: All customer information will be stored on a secure database accessible only to authorized personnel.,",FR,Functional,0.5
7868,F0_REQ_07869,"SE:All credit card information will be encrypted in the database.,",FR,Functional,0.5
7869,F0_REQ_07870,"SE:The streaming server will have anti-virus software to prevent infection of malicious viruses.,",FR,Functional,0.5
7875,F0_REQ_07876,"L:The website will comply with W3C standards.,",FR,Functional,0.5
7876,F0_REQ_07877,"L:The PHP code will comply with PEAR standards.,",FR,Functional,0.5
7877,F0_REQ_07878,"F: The website will allow customers to search for movies by title actor or director.,",FR,Functional,0.5
7878,F0_REQ_07879,"F: viewing a movie details the website will display the movies description actor and director entered in by the administrator.,",FR,Functional,0.5
7885,F0_REQ_07886,"F:System will allow customers to pay for a streaming movie with a pre-paid card.,",FR,Functional,0.5
7890,F0_REQ_07891,"F:Only registered customers can purchase streaming movies.,",FR,Functional,0.5
7891,F0_REQ_07892,"F: Movies can only be streamed if the customer has purchased a movie and is within the 2-day time period to stream the movie.,",FR,Functional,0.5
7892,F0_REQ_07893,"F:Website must be able to support free trial periods with various parameters set by the Izogn Manager.,",FR,Functional,0.5
7893,F0_REQ_07894,"F: All streaming movie sales will be logged in the database and accessible by the administrator.,",FR,Functional,0.5
7899,F0_REQ_07900,"PE:The process must fit within the processing time conditions set forth by the Auto Rep Assignment process in which a lead is assigned within 3 minutes of the total life cycle.,",FR,Functional,0.5
7900,F0_REQ_07901,"O:The lead washing process will operate within the established physical web service structure.,",FR,Functional,0.5
7901,F0_REQ_07902,"O: The washing process must use a non binding neutral data format such as xml when receiving and processing lead data.,",FR,Functional,0.5
7902,F0_REQ_07903,"A:Defect reports will be available to technical units on a 24x7 basis.,",FR,Functional,0.5
7903,F0_REQ_07904,"MN:Washing parameters will be updated during scheduled maintenance hours.,",FR,Functional,0.5
7904,F0_REQ_07905,"F:The vendor will verify the invalid lead.,",FR,Functional,0.5
7905,F0_REQ_07906,"F:Vendor will submit a credit validation record to be applied to the enterprise billing system.,",FR,Functional,0.5
7906,F0_REQ_07907,"F:If a lead is scored to the high range the system will supply the lead data and score to the enterprise system.,",FR,Functional,0.5
7907,F0_REQ_07908,"F:The leads washing functionality will validate all leads received by the web service for valid data,",FR,Functional,0.5
7908,F0_REQ_07909,"F:The leads washing functionality will insert all leads captured by the web service.,",FR,Functional,0.5
7909,F0_REQ_07910,"F:If the leads score falls within the high average score then it will be process by the ARA functionality.,",FR,Functional,0.5
7910,F0_REQ_07911,"F:If the leads score falls within the medium average then it will be set for manual verification by an Enrollment Coordinator through the eleads system.,",FR,Functional,0.5
7911,F0_REQ_07912,"F:If the leads score falls within the low average then it will be returned to the supplying vendor,",FR,Functional,0.5
7912,F0_REQ_07913,"F:The leads washing functionality will compile both contact and academic scoring information for a total score.,",FR,Functional,0.5
7913,F0_REQ_07914,"F:The leads washing functionality will use the parameters supplied by corporate and schools to score part of the lead.,",FR,Functional,0.5
7914,F0_REQ_07915,"F:The leads washing functionality will return the lead data supplied to the vendor along with the reason of rejection.,",FR,Functional,0.5
7915,F0_REQ_07916,"F:The leads washing functionality will have an interface in which lead data parameters can be maintained.,",FR,Functional,0.5
7916,F0_REQ_07917,"F:The leads washing functionality will verify the users authentication and rights to make parameter updates.,",FR,Functional,0.5
7917,F0_REQ_07918,"F:The leads washing functionality will store any potential lead duplicates returned by the enterprise system.,",FR,Functional,0.5
7918,F0_REQ_07919,"F:Prior to submitting the lead to the enterprise system the leads washing functionality will assign the lead to an admissions rep.,",FR,Functional,0.5
7970,F0_REQ_07971,"F:The notification of the game ending will include the reason the game is ended (i.e. a player has won the game or a player has ended the game).,",FR,Functional,0.5
7979,F0_REQ_07980,"A:The system must be available for use between 7:00AM and 11:59PM all days of the year.,",FR,Functional,0.5
8010,F0_REQ_08011,"LF:The system interface will use CCR nomenclature. The system must use the same nomenclature used in the existing WCS system and reports,",FR,Functional,0.5
8011,F0_REQ_08012,"LF:The interface must summarize the data in a fashion that s appealing to CCR management. Every report type must have at least one high level summary shown in the results dashboard/interface,",FR,Functional,0.5
8014,F0_REQ_08015,"US:Rreports must be easy to generate. eports must be generated within one button click and exported within one button click (after selecting the report),",FR,Functional,0.5
8022,F0_REQ_08023,"O:The Brio portion of the WCS system must be able to export files in spreadsheet form (Microsoft Excel and Lotus 1-2-3 formats). Brio will provide buttons in the user interface that produce/export reports in .xls or .123 file formats.,",FR,Functional,0.5
8023,F0_REQ_08024,"MN:The WCS system must run queries to the WCS databases once again (on a specified day) to update the available data available to CCR users. Queries must be made to external databases for data refresh once a week.,",FR,Functional,0.5
8027,F0_REQ_08028,"SE:Each team owner will need to use a username and password in order to be authenticated to reach the team owner s page,",FR,Functional,0.5
8028,F0_REQ_08029,"SE:The Commissioner will be the only authorized user per league to adjust league settings.,",FR,Functional,0.5
8043,F0_REQ_08044,"O:A primary database will be used to store cached data for active users.,",FR,Functional,0.5
8058,F0_REQ_08059,"A: Out of 1000 accesses to the system the system is available 999 times.,",FR,Functional,0.5
8068,F0_REQ_08069,"PO:The product is expected to run on Windows CE and Palm operating systems.,",FR,Functional,0.5
8082,F0_REQ_08083,"O:A secondary database will be used to store historical statistics and data.,",FR,Functional,0.5
8103,F0_REQ_08104,"O:We must be able to interface with any HTML browser.,",FR,Functional,0.5
8136,F0_REQ_08137,"O:The RFS system should be able to easily interface with the BDW environment in order to load the data. ,7 data files shall be received from the BDW and loaded into the RFS system within 3 hours one day prior to the start of budgeting process every year. The data will be as of October month-end. ,Test files (7) shall be loaded up to 5 times throughout the year from the BDW.",FR,Functional,0.5
8137,F0_REQ_08138,"MN:Changes to revenue and expense formulae must be applied to the RFS system every year prior to the budgeting process start. Revenue and expense formulae will be updated within one week of their receipt after which 2 weeks will be allotted to testing of the budget calculations to be conducted jointly by the project development team and PCG Finance.,",FR,Functional,0.5
8142,F0_REQ_08143,"LF:The intranet pages should display appropriately in all resolutions from 800x600 and higher. The display of all the pages will be correct in 95% of the resolutions prior to implementation. The remaining 5% will be corrected within a week of notification of the incorrect display.,",FR,Functional,0.5
8144,F0_REQ_08145,"PE:The product interface should be fast. The response time of the product interface should not exceed 2 seconds 90% of the time. For 10% of the time the response time should not be more than 10 seconds.not be more than 10 seconds.,",NFR,Performance,0.5
8145,F0_REQ_08146,"F:The system will use the stored e-mail addresses as a primary means of communicating information to affected parties.,",FR,Functional,0.5
8147,F0_REQ_08148,"F: The system will notify affected parties when changes occur affecting clinicals including but not limited to clinical section capacity changes and clinical section cancellations.,",FR,Functional,0.5
8148,F0_REQ_08149,"F: The system will notify affected parties when changes occur affecting classes including but not limited to class cancellations class section detail changes and changes to class offerings for a given quarter.,",FR,Functional,0.5
8149,F0_REQ_08150,The system must allow for multiple file upload to be configured on a per-page basis.,FR,Functional,0.5
8150,F0_REQ_08151,The system must allow actors to organize their voice clips into a portfolio.,FR,Functional,0.5
8151,F0_REQ_08152,The system must allow actors to download their voice clips in a flexible format.,FR,Functional,0.5
8152,F0_REQ_08153,The system must store audio clips in a format conducive to speech.,FR,Functional,0.5
8153,F0_REQ_08154,The system must allow actors to delete recorded clips.,FR,Functional,0.5
8154,F0_REQ_08155,The system must allow web feeds to be turned on or off on a per-page basis.,FR,Functional,0.5
8155,F0_REQ_08156,An actor must be able to search through pages in a course.,FR,Functional,0.5
8156,F0_REQ_08157,The system must display a search box on every page after an actor has logged in.,FR,Functional,0.5
8157,F0_REQ_08158,A course administrator must be able to grade an assignment.,FR,Functional,0.5
8160,F0_REQ_08161,The system must provide a wiki where actors can collaboratively create networks of documents.,FR,Functional,0.5
8161,F0_REQ_08162,The system must provide a blog engine.,FR,Functional,0.5
8162,F0_REQ_08163,The system must provide both e-mail and SMS notifications for pages.,FR,Functional,0.5
8164,F0_REQ_08165,The system must be backed up on a configurable schedule.,FR,Functional,0.5
8165,F0_REQ_08166,The system must have the ability and capacity to restore back-up data within six hours so that the system is never offline for an inordinate period of time.,FR,Functional,0.5
8167,F0_REQ_08168,99% up-time should be considered sufficient to meet this requirement.,FR,Functional,0.5
8169,F0_REQ_08170,The system must be maintainable without substantial modification.,FR,Functional,0.5
8171,F0_REQ_08172,Users must have easy access to help while interacting with the system.,FR,Functional,0.5
8172,F0_REQ_08173,Adequate user documentation should be provided to minimize the number of calls to the Help Desk about problems with the system.,NFR,Performance,0.5
8175,F0_REQ_08176,"System administrators must have access to comprehensive, searchable documentation.",FR,Functional,0.5
8178,F0_REQ_08179,"This documentation must cover all procedures necessary for regular maintenance with links to additional information, all common errors, and links or documentation for advanced troubleshooting.",FR,Functional,0.5
8266,F0_REQ_08267,The level of coverage should be at least 95% of the time over 95% of the designated coverage area for a radio installed in a vehicle with an external antenna.,FR,Functional,0.5
8341,F0_REQ_08342,A driver may be provided with a handheld portable to allow communications whilst the driver is outside the train.,FR,Functional,0.5
8354,F0_REQ_08355,"The functional identity displayed should include the coach number of the leading cab, if neither a train number nor an engine number is available.",NFR,Performance,0.5
8356,F0_REQ_08357,"When the call is connected to the controller, an audible and visual indication is to be provided to the driver.",FR,Functional,0.5
8391,F0_REQ_08392,"If the controller calls the lead driver (in a controller-lead cab call), the controller is automatically added into the multi-driver call.",FR,Functional,0.5
8398,F0_REQ_08399,The call from the Cab radio may be initiated by selection from a pre-defined list (up to 99 entries).,FR,Functional,0.5
8436,F0_REQ_08437,Powering up the Cab radio will initiate automatic self-testing.,FR,Functional,0.5
8437,F0_REQ_08438,Powering up the Cab radio will initiate automatic selection of the pre-set loudspeaker volume.,FR,Functional,0.5
8438,F0_REQ_08439,"Powering up the Cab radio will initiate registration with other on-train systems, such as ERTMS/ETCS.",FR,Functional,0.5
8495,F0_REQ_08496,It should be possible for the driver to store and overwrite numbers and their details in the Cab radio.,NFR,Performance,0.5
8496,F0_REQ_08497,General MMI functions are required to support forwarding call to the driver handportable.,FR,Functional,0.5
8497,F0_REQ_08498,General MMI functions are required to support putting a call on hold.,FR,Functional,0.5
8498,F0_REQ_08499,General MMI functions are required to support displaying incoming call details whilst in an on-going call.,FR,Functional,0.5
8499,F0_REQ_08500,General MMI functions are required to support temporarily exiting an existing call to answer another incoming call.,FR,Functional,0.5
8500,F0_REQ_08501,General MMI functions are required to support multi-driver call service.,FR,Functional,0.5
8509,F0_REQ_08510,"Where pre-emption occurs, an advisory indication may be provided to the pre-empted parties.",FR,Functional,0.5
8516,F0_REQ_08517,"Cab radios should be able to continue to operate for a period of at least 1 hour in the event of failure of the train's power supply, based on 20% point-to-point calls, 5% group calls, and 75% standby.",FR,Functional,0.5
8531,F0_REQ_08532,"Some Cab radios may need to be operated by staff wearing gloves and controls may need to be suitable for use in a wide range of conditions, e.g. splash proof and suitable for viewing in direct sunlight and in darkness.",FR,Functional,0.5
8532,F0_REQ_08533,"Where there is a risk that stored numbers or other set-up details may be accidentally changed, facilities should be provided on the Cab radio in order to prevent this happening.",NFR,Performance,0.5
8542,F0_REQ_08543,Additional information (for DSD alarm) may also be provided if available from external systems.,FR,Functional,0.5
8550,F0_REQ_08551,Other interfaces may be provided in the Cab radio system.,FR,Functional,0.5
8560,F0_REQ_08561,"If the call is a group call, the user has to request permission to speak during the call by using the Push-To-Talk (PTT) function (General purpose radio).",FR,Functional,0.5
8563,F0_REQ_08564,The user may then talk whilst the PTT function is used (General purpose radio).,FR,Functional,0.5
8593,F0_REQ_08594,"General purpose radios should be equipped with rechargeable batteries capable of providing a minimum of eight hours operation from a single charge based on 20% point-to-point calls, 5% group calls, and 75% standby.",FR,Functional,0.5
8604,F0_REQ_08605,The Push-To-Talk function does not need to be a dedicated button (General purpose radio).,FR,Functional,0.5
8605,F0_REQ_08606,Four buttons should be provided for designated stored numbers (General purpose radio).,NFR,Performance,0.5
8606,F0_REQ_08607,Stored numbers and other set-up details should be protected against accidental alteration (General purpose radio).,NFR,Performance,0.5
8635,F0_REQ_08636,"If the call is a group call, the user has to request permission to speak during the call by using the Push-To-Talk (PTT) function (Operational radio).",FR,Functional,0.5
8638,F0_REQ_08639,The user may then talk whilst the PTT function is used (Operational radio).,FR,Functional,0.5
8693,F0_REQ_08694,Four buttons should be provided for designated stored numbers (Operational radio).,NFR,Performance,0.5
8743,F0_REQ_08744,Various types of call restriction may be employed by the railways as an additional security measure.,NFR,Security,0.5
8752,F0_REQ_08753,Cab radios should be members of the trackside worker standard group.,NFR,Performance,0.5
8756,F0_REQ_08757,The access matrix defines which subscribers are able to contact which other subscribers within the EIRENE network.,FR,Functional,0.5
8787,F0_REQ_08788,"If required, a railway may make additional restrictions to the access matrix.",FR,Functional,0.5
8807,F0_REQ_08808,It should be possible for the system to prevent certain types of users from registering train numbers that they are not authorised to use.,NFR,Performance,0.5
8808,F0_REQ_08809,It should be possible for the system to prevent certain types of users from registering driver of train functional numbers that they are not authorised to use.,NFR,Performance,0.5
8809,F0_REQ_08810,It should be possible for the system to prevent certain types of users from registering shunting team leader functional numbers that they are not authorised to use.,NFR,Performance,0.5
8835,F0_REQ_08836,"Where greater accuracy for location dependent addressing is required, additional location information may be provided by ground-based signalling systems external to EIRENE.",FR,Functional,0.5
8836,F0_REQ_08837,"Where greater accuracy for location dependent addressing is required, additional location information may be provided by on-train systems (e.g. ERTMS/ETCS equipment, balise readers, GPS etc) external to EIRENE.",FR,Functional,0.5
8838,F0_REQ_08839,"In order to ensure interoperability, the text message service is mandatory for the Cab radio.",FR,Functional,0.5
8839,F0_REQ_08840,"In order to ensure interoperability, the text message service is optional for the ground.",FR,Functional,0.5
8841,F0_REQ_08842,A message can include several segments.,FR,Functional,0.5
8842,F0_REQ_08843,The transfer time for each message segment should be less than 30 seconds for 95% of messages.,NFR,Performance,0.5
8859,F0_REQ_08860,Different indications at the originating and receiving terminal may be provided (for emergency activation).,FR,Functional,0.5
8866,F0_REQ_08867,A Railway emergency call may only be terminated by the originator of the call.,FR,Functional,0.5
8867,F0_REQ_08868,A Railway emergency call may only be terminated by a controller participating in the call.,FR,Functional,0.5
8868,F0_REQ_08869,A Railway emergency call may only be terminated by the network following a (nationally determined) period of no speech.,FR,Functional,0.5
8871,F0_REQ_08872,"For Railway emergency calls initiated by a mobile, the controller's display will indicate location.",FR,Functional,0.5
8896,F0_REQ_08897,The link assurance signal should be used to reassure the driver of the integrity of the member at the head of the shunting movement.,NFR,Performance,0.5
8903,F0_REQ_08904,"For the driver, the link assurance signal indicates that the radio link is operational.",FR,Functional,0.5
8914,F0_REQ_08915,The shunting driver may remain fixed (i.e. in a shunting area) or may change one or more times during a working period (i.e. passenger or freight stations).,FR,Functional,0.5
8920,F0_REQ_08921,The shunting leader can then choose the moment when he takes or rejects the external call.,FR,Functional,0.5
8937,F0_REQ_08938,"Where the direct mode facility is provided, it is sufficient that the user may talk or listen only, but not both.",FR,Functional,0.5
8939,F0_REQ_08940,"Where the direct mode facility is provided, a minimum of one channel is to be available for use of direct mode facilities.",FR,Functional,0.5
8940,F0_REQ_08941,"Where the direct mode facility is provided, if more than one channel is provided, there must be a function allowing the user to manually select the channel.",FR,Functional,0.5
8942,F0_REQ_08943,"Where the direct mode facility is provided, the user may only select direct mode when the normal mobile telephony services are not available.",FR,Functional,0.5
8950,F0_REQ_08951,A plataforma será responsiva.,FR,Functional,0.5
8951,F0_REQ_08952,O sistema será acessível através de navegadores modernos.,FR,Functional,0.5
8952,F0_REQ_08953,O sistema será acessível através de dispositivos móveis.,FR,Functional,0.5
8953,F0_REQ_08954,"O sistema deve fornecer um ponto de acesso único para criar, planejar e controlar projetos organizacionais.",FR,Functional,0.5
8954,F0_REQ_08955,"O sistema deve monitorar a alocação de recursos humanos, financeiros e materiais de forma eficiente.",FR,Functional,0.5
8955,F0_REQ_08956,O sistema deve oferecer painéis e relatórios dinâmicos.,FR,Functional,0.5
8956,F0_REQ_08957,"O sistema deve permitir criar, editar e excluir projetos.",FR,Functional,0.5
8957,F0_REQ_08958,"O sistema deve permitir definir metas, entregáveis e cronogramas para cada projeto.",FR,Functional,0.5
8958,F0_REQ_08959,O sistema deve permitir rastrear o progresso com base em marcos e tarefas concluídas.,FR,Functional,0.5
8960,F0_REQ_08961,O sistema deve permitir atribuir funções e permissões com base na hierarquia organizacional.,FR,Functional,0.5
8961,F0_REQ_08962,O sistema deve permitir gerenciar a alocação de recursos humanos com base na disponibilidade e habilidades.,FR,Functional,0.5
8962,F0_REQ_08963,O sistema deve monitorar os recursos materiais e financeiros alocados aos projetos.,FR,Functional,0.5
8963,F0_REQ_08964,O sistema deve automatizar alertas para recursos próximos aos limites de disponibilidade.,FR,Functional,0.5
8964,F0_REQ_08965,O sistema deve registrar os custos associados a cada atividade.,FR,Functional,0.5
8965,F0_REQ_08966,O sistema deve permitir a criação de canais de comunicação por projeto.,FR,Functional,0.5
8966,F0_REQ_08967,"O sistema deve integrar-se com ferramentas de comunicação (por exemplo, Microsoft Teams, Slack).",FR,Functional,0.5
8967,F0_REQ_08968,O sistema deve permitir compartilhar documentos e arquivos diretamente através da plataforma.,FR,Functional,0.5
8968,F0_REQ_08969,O sistema deve fornecer painéis com indicadores-chave de desempenho (KPIs).,FR,Functional,0.5
8969,F0_REQ_08970,"O sistema deve gerar relatórios detalhados por projeto, equipe ou recurso.",FR,Functional,0.5
8970,F0_REQ_08971,O sistema deve permitir visualizar o status da atividade em tempo real.,FR,Functional,0.5
8971,F0_REQ_08972,O sistema deve configurar fluxos de trabalho para aprovações automáticas.,FR,Functional,0.5
8973,F0_REQ_08974,O sistema deve realizar backups automáticos periódicos de dados.,NFR,Reliability,0.5
8974,F0_REQ_08975,"O sistema deve conectar-se com sistemas ERP (SAP, Oracle).",FR,Functional,0.5
8975,F0_REQ_08976,O sistema deve sincronizar calendários com o Google Calendar e o Microsoft Outlook.,FR,Functional,0.5
8976,F0_REQ_08977,O sistema deve integrar-se com CRMs para rastrear atividades relacionadas ao cliente.,FR,Functional,0.5
8977,F0_REQ_08978,O sistema deve implementar autenticação multifator (MFA).,FR,Functional,0.5
8978,F0_REQ_08979,O sistema deve rastrear logs de atividades do usuário.,FR,Functional,0.5
8979,F0_REQ_08980,"O sistema deve garantir a conformidade com regulamentações (por exemplo, GDPR, LGPD).",FR,Functional,0.5
8980,F0_REQ_08981,"System Administration support the needs of a large, multiple-branch library system. Specifically, the system must support a library system with 50 locations, 20 million circulations, purchasing and processing over 500,000 items per year. It is highly desirable that searches and reports can be processed during open hours without disrupting other system functions.",FR,Functional,0.5
8988,F0_REQ_08989,"User rights and privileges will be controlled through security groups and/or “roles” that allow access control for individuals, workgroups, and arbitrary staff groups.",FR,Functional,0.5
8992,F0_REQ_08993,"System runs on a fully relational, SQL-based database system. Ability to run SQL queries against any table in the database. Ability to access database as an ODBC source. All data tables and data storage are fully accessible.",NFR,Performance,0.5
8993,F0_REQ_08994,The system provides real-time processing. For example: pull lists are up to date at time of viewing or printing; system supports live shelf reading and weeding.,FR,Functional,0.5
8995,F0_REQ_08996,"For any patron record or item record, staff can identify where it is in use (location, user, date and time placed).",FR,Functional,0.5
8996,F0_REQ_08997,Support for individual and shared staff login accounts; access to modules is granted by use of roles or privileges that allow each account to access as many (or as few) modules as needed. Individual logins allow user-level preferences and audit trail.,FR,Functional,0.5
8997,F0_REQ_08998,"System documentation is library-specific and follows standard formats for technical documentation. Documentation is specific to the particular version of the software in use at library. Documentation is web-based, indexed, organized by function, and easily searchable.",FR,Functional,0.5
8998,F0_REQ_08999,"System upgrades and updates include written guidelines for updating servers and clients. Includes list of new, changed, and removed features.",FR,Functional,0.5
8999,F0_REQ_09000,System provides access to all configuration files.,FR,Functional,0.5
9000,F0_REQ_09001,"System provides full access to all log files. Log files can be reviewed without stopping system. Logs can be enabled, disabled, and set to a specific retention threshold.",FR,Functional,0.5
9001,F0_REQ_09002,System provides access to root shell.,FR,Functional,0.5
9002,F0_REQ_09003,"System supports creation of custom dashboards that display current and historical data about system performance, record creation and modification, circulation transactions, etc. Administrators can create dashboards and give access to selected users and groups.",FR,Functional,0.5
9004,F0_REQ_09005,"Ability to set thresholds on the length of time records are locked and provide, for all record types, a list of records in sustained use/locked condition. Ability from the same console to unlock one or more records.",FR,Functional,0.5
9005,F0_REQ_09006,"System provides dashboard of performance monitoring and management tools. Identification of processes with process ID, owner username, IP address (if applicable), CPU utilization, memory utilization, run time. Runaway processes are identified. System status is represented by visual indicators (e.g. green and red lights).",NFR,Performance,0.7
9006,F0_REQ_09007,"System provides a server management console including: software shutdown utility, software startup utility, server shutdown utility, server restart utility.",FR,Functional,0.5
9007,F0_REQ_09008,"System provides an administrative dashboard displaying: last full and incremental backup; last planned and unplanned system reboot; last software upgrade; current software version; transactions waiting to be processed; size of log-files; current count of records by record type (item, bibliographic, patron etc), database utilization (size, processes running).",FR,Functional,0.5
9008,F0_REQ_09009,System provides a management console displaying workstations running client software; workstation name and IP address; and utilities for managing and killing client sessions.,FR,Functional,0.5
9009,F0_REQ_09010,"System provides a circulation dashboard showing key performace indicators such as check-outs per hour, check-ins per hour, holds placed per hour, holds paged per day, etc. Indicators can be limited to a single branch or set to systemwide.",FR,Functional,0.5
9010,F0_REQ_09011,System provides a single console with access to all configuration files. Read and write permission to individual configuration files can be assigned to users and groups.,FR,Functional,0.5
9011,F0_REQ_09012,System provides a dashboard for locating and viewing log files.,FR,Functional,0.5
9012,F0_REQ_09013,"System provides a single interface for reviewing and controlling scheduled tasks, including staff-scheduled tasks, automated reports, scheduled imports and exports, software updates, etc.",FR,Functional,0.5
9013,F0_REQ_09014,"Ability to access and edit email configuration, including a quick menu of common settings (such as masquerading, log retention, bounce management).",FR,Functional,0.5
9014,F0_REQ_09015,System supports SMTP for email transport.,FR,Functional,0.5
9015,F0_REQ_09016,"System supports restrictions based on business rules, e.g. restrictions on deleting item records that are in checked-out status, or restrictions on deleting bibliographic records with existing holds.",FR,Functional,0.5
9016,F0_REQ_09017,"System provides customizable 'Rules of Suppression' that specify whether patrons and staff can view authority, bibliographic, order, and item records in staff and public (OPAC) interfaces. Records may be visible to specific workgroups only; to all staff and patrons at specific locations; or to all staff and all patrons. (See REQ-5057 for related requirements on loan rules, and REQ-5190 for related requirements on holdability.)",FR,Functional,0.5
9019,F0_REQ_09020,"Ability to specify default value, data validation, automatic formatting, and required status for any field.",FR,Functional,0.5
9020,F0_REQ_09021,System provides capability to perform live incremental and full backups of data and transaction logs. System supports use of third-party backup software such as EMC NetWorker.,FR,Functional,0.5
9022,F0_REQ_09023,Ability to cluster servers for failover capability.,NFR,Reliability,0.5
9023,F0_REQ_09024,Patron data is secure in all transfers to and from the system.,FR,Functional,0.5
9024,F0_REQ_09025,System administrative staff has full visibility and control of user privileges.,FR,Functional,0.5
9025,F0_REQ_09026,"System supports secure protocols, including SFTP, SSL, and SSH. SFTP is supported in both active and passive modes, configurable per vendor.",FR,Functional,0.5
9026,F0_REQ_09027,"MARC bibliographic and authority records can be imported and exported, singly and in batch, all fields or selected fields, to and from vendors including OCLC. Imported records can overlay existing short or full bibliographic records. Imported batches can be maintained and manipulated as selection lists (see REQ-3004).",FR,Functional,0.5
9028,F0_REQ_09029,"System provides a dedicated interface for creating new staff accounts. New staff account creation process provides configurable templates for account administrator use; provides granular privileges for account creation, modification, and deletion.",FR,Functional,0.5
9029,F0_REQ_09030,System provides a dedicated interface for creating new patron accounts. Patron account creation process provides configurable templates for staff use; supports field validation and required fields; provides configurable defaults.,FR,Functional,0.5
9030,F0_REQ_09031,"System supports scheduling of maintenance tasks, reports, and data exports. Jobs can be scheduled in sequence (start job B when job A finishes) and can be modified or cancelled at any time prior to starting.",FR,Functional,0.5
9031,F0_REQ_09032,"Staff can be given permission to schedule tasks, reports, and data exports. System administration staff can view and manage jobs scheduled by other staff.",FR,Functional,0.5
9032,F0_REQ_09033,"System supports administrator-programmable and user-programmable macros and/or keyboard shortcuts. Shortcut keys may be assigned to macros (e.g. 'Insert Field') or to text strings. Macros are centrally managed on server, can be imported from and exported to individual users, and can be restricted for use and/or editting through centrally-managed permissions.",FR,Functional,0.5
9034,F0_REQ_09035,"Client software installation and updates must be centrally managed, using standard or proprietary network management tools, allowing streaming updates from server. Ability to specify specific clients to be updated. Client software can be managed with VNC and Remote Desktop.",FR,Functional,0.5
9035,F0_REQ_09036,All client configuration files are server based; configurations can be exported and imported between clients.,FR,Functional,0.5
9036,F0_REQ_09037,"Ability to fully customize layout and appearance of reports. Ability to display, print, email, or save report to standard formats including CSV and Excel, as well as to customizable formats.",FR,Functional,0.5
9037,F0_REQ_09038,"System provides a user-friendly interface for designing queries against all record types. Staff can select fields to query; select values from picklist of possible values; select regular expressions from drop-down menu, and use a full range of Boolean operators. Administrators control staff access to tables and fields.",FR,Functional,0.5
9038,F0_REQ_09039,"System administrators can create report templates that are available to front-line staff, and can be run as is or modified to the staff person's particular needs.",FR,Functional,0.5
9039,F0_REQ_09040,"System provides fine-grained permissions to allow or disallow staff to run specific reports, and/or to run ad hoc reports on specific sets of data.",FR,Functional,0.5
9041,F0_REQ_09042,"Ability to define and select four types of printers: receipt printer, standard printer, label printer, and forms printer. All Windows printers are supported.",FR,Functional,0.5
9042,F0_REQ_09043,"Ability to print to a file on the server, ftp, email, or printer from any part of the application. When applicable, the ability to select record fields and control order of fields when printing.",FR,Functional,0.5
9043,F0_REQ_09044,O sistema deve ser confiável.,FR,Functional,0.5
9044,F0_REQ_09045,O sistema deve ter baixa manutenção.,FR,Functional,0.5
9045,F0_REQ_09046,O sistema deve atender aos requisitos de segurança ditados pelas normas regulatórias HIPAA e FDA.,FR,Functional,0.5
9046,F0_REQ_09047,O sistema deve atender aos requisitos de confidencialidade ditados pelas normas regulatórias HIPAA e FDA.,FR,Functional,0.5
9047,F0_REQ_09048,O sistema deve exibir os hiperlinks e descrições para o usuário realizar as funções desejadas conforme especificado no UIS relacionado.,FR,Functional,0.5
9048,F0_REQ_09049,O Usuário deve ser capaz de visualizar os hiperlinks e descrições listados.,FR,Functional,0.5
9049,F0_REQ_09050,O Usuário deve ser capaz de escolher uma função clicando no hiperlink.,FR,Functional,0.5
9050,F0_REQ_09051,O sistema deve exibir a página operacional desejada para o usuário após clicar no hiperlink.,FR,Functional,0.5
9051,F0_REQ_09052,Um usuário com privilégios de administrador deve ser capaz de Adicionar/Criar um novo usuário e associar o usuário com a(s) função(ões) especificada(s) no sistema.,FR,Functional,0.5
9052,F0_REQ_09053,O sistema deve exibir uma mensagem de erro se o novo usuário for encontrado no sistema [system name].,FR,Functional,0.5
9053,F0_REQ_09054,O sistema deve exibir uma mensagem de erro se o novo usuário não estiver ativo no Active Directory.,FR,Functional,0.5
9054,F0_REQ_09055,O sistema deve exibir a aba xxx como a aba padrão.,FR,Functional,0.5
9055,F0_REQ_09056,O usuário deve ser capaz de criar/adicionar um novo usuário manualmente ou a partir de um modelo.,FR,Functional,0.5
9056,F0_REQ_09057,O registro do usuário deve herdar todas as configurações de função especificadas no modelo quando o registro do usuário for criado a partir do modelo de usuário.,FR,Functional,0.5
9057,F0_REQ_09058,O usuário deve ser capaz de adicionar funções adicionais manualmente ao criar/adicionar um novo usuário a partir de um modelo de usuário.,FR,Functional,0.5
9058,F0_REQ_09059,O sistema deve salvar as informações do usuário no banco de dados com funções especificadas associadas a divisões para o usuário recém-criado/adicionado.,FR,Functional,0.5
9059,F0_REQ_09060,O sistema deve realizar uma busca nas colunas de nome de exibição do usuário e nome de usuário do sistema [system name] nas tabelas de usuário para encontrar o usuário e verificar a existência do usuário.,FR,Functional,0.5
9060,F0_REQ_09061,O sistema deve realizar uma busca no Active Directory para verificar o status do usuário Ativo/Inativo dentro da empresa quando o usuário tenta criar/adicionar um novo usuário no sistema [system name].,FR,Functional,0.5
9061,F0_REQ_09062,O sistema deve gerar uma mensagem de confirmação padrão após salvar os dados e mensagens de aviso/cautela após o botão cancelar ou fechar ser clicado.,FR,Functional,0.5
9063,F0_REQ_09064,"Todos os campos obrigatórios, conforme especificado no UIS, devem ser marcados com um asterisco vermelho alertando o usuário para preencher os campos obrigatórios.",FR,Functional,0.5
9064,F0_REQ_09065,O usuário deve ser capaz de salvar dados após criar/adicionar um novo usuário ou cancelar dados para abortar o processo.,FR,Functional,0.5
9065,F0_REQ_09066,O sistema deve limpar os dados se o usuário escolher clicar no botão Cancelar no meio da criação/adição de um novo usuário.,FR,Functional,0.5
9066,F0_REQ_09067,O sistema deve direcionar o usuário para a página xxx se o usuário escolher clicar no botão fechar sem inserir nenhum dado.,FR,Functional,0.5
9067,F0_REQ_09068,"O usuário deve associar pelo menos uma função, divisão, código de designador e local do laboratório no momento da criação/adição de um novo usuário.",FR,Functional,0.5
9068,F0_REQ_09069,O usuário deve preencher os campos obrigatórios — Nome de Usuário e Nome de Exibição — na seção Informações do Usuário no momento da criação/adição de um novo usuário.,FR,Functional,0.5
9069,F0_REQ_09070,O sistema deve gerar uma mensagem de erro/aviso padrão após o usuário tentar salvar dados sem associar um de cada um dos seguintes critérios — xxx — e/ou sem preencher os campos obrigatórios na seção Informações do Usuário.,FR,Functional,0.5
9070,F0_REQ_09071,A Equipe do Projeto deve demonstrar protótipos de mudanças na UI para as partes interessadas do projeto no início do processo de desenvolvimento.,FR,Functional,0.5
9071,F0_REQ_09072,A Equipe do Projeto deve permitir ajustes razoáveis nas interfaces de usuário de novas funcionalidades pelas partes interessadas do projeto quando o cronograma do projeto permitir tais ajustes.,FR,Functional,0.5
9075,F0_REQ_09076,A Equipe de Desenvolvimento deve definir padrões de codificação para o aplicativo e seguir esses padrões consistentemente.,FR,Functional,0.5
9076,F0_REQ_09077,A Equipe de Desenvolvimento deve ser obrigada a ajustar o código-fonte existente para seguir os padrões de codificação aceitos somente se esse código-fonte precisar ser modificado.,FR,Functional,0.5
9077,F0_REQ_09078,"O sistema deve registrar erros, avisos e mensagens informativas em um arquivo de log externo no servidor de aplicativos.",FR,Functional,0.5
9078,F0_REQ_09079,A Equipe de Desenvolvimento deve ser obrigada a ajustar o código-fonte existente para usar o arquivo de log externo somente se esse código-fonte precisar ser modificado para implementar outro requisito.,FR,Functional,0.5
9079,F0_REQ_09080,O sistema deve registrar uma mensagem de erro no arquivo de dados externo quando o usuário for direcionado para a página de erro [SYSTEM NAME].,FR,Functional,0.5
9080,F0_REQ_09081,O sistema deve enviar um e-mail de notificação para uma lista de distribuição de e-mail dos Serviços ao Cliente se o usuário for direcionado para a página de erro xxx.,FR,Functional,0.5
9081,F0_REQ_09082,A Equipe de Desenvolvimento deve desenvolver funcionalidades usando a linguagem xx e na Plataforma .NET 3.5 suportada.,FR,Functional,0.5
9082,F0_REQ_09083,A Equipe de Desenvolvimento deve utilizar estruturas de código aberto estabelecidas em vez de componentes proprietários personalizados sempre que apropriado.,FR,Functional,0.5
9083,F0_REQ_09084,O sistema deve continuar a depender e usar um único banco de dados SQL Server 2008.,FR,Functional,0.5
9086,F0_REQ_09087,A Equipe de Desenvolvimento deve rotular cada compilação programada do [SYSTEM NAME] no sistema de controle de código-fonte.,FR,Functional,0.5
9087,F0_REQ_09088,A Equipe de Desenvolvimento deve realizar compilações programadas do [SYSTEM NAME] usando o código retirado do controle de código-fonte usando o rótulo conforme definido e especificado.,FR,Functional,0.5
9089,F0_REQ_09090,O Líder Técnico deve realizar revisões de código de cada mudança no sistema antes que essas mudanças possam ser submetidas ao controle de código-fonte.,FR,Functional,0.5
9090,F0_REQ_09091,A Equipe de QA/QC deve realizar testes de regressão contra todas as compilações programadas.,FR,Functional,0.5
9091,F0_REQ_09092,"A ferramenta RoboHelp, versão 8, será usada para criar os links de hipertexto da Ajuda online do sistema [system name]. O sistema [system name] exibirá um link de hipertexto rotulado Ajuda no canto superior direito de cada uma das telas de usuário para fornecer assistência ao usuário. Cada uma das janelas pop-up de tópicos de Ajuda conterá o mesmo conteúdo que está disponível nos manuais do usuário do sistema [system name].",FR,Functional,0.5
9092,F0_REQ_09093,"O sistema deve fornecer a capacidade de abrir uma janela pop-up exibindo informações sobre a página específica, juntamente com links para tópicos de ajuda de suporte ao selecionar cada link de Ajuda.",FR,Functional,0.5
9093,F0_REQ_09094,"O sistema deve exibir a página Visão Geral do [system name], localizada na seção Introdução da Ajuda, como página de tópico de ajuda padrão que será carregada ao selecionar o link de hipertexto da Ajuda.",FR,Functional,0.5
9094,F0_REQ_09095,O sistema deve permitir que os usuários naveguem facilmente por cada um dos tópicos de ajuda selecionando um link de hipertexto correspondente fornecido no quadro esquerdo da janela pop-up da Ajuda.,FR,Functional,0.5
9095,F0_REQ_09096,O sistema deve exibir o logotipo da [company name] no lado superior direito da tela em cada uma das páginas de ajuda.,FR,Functional,0.5
9096,F0_REQ_09097,O sistema deve exibir cada uma das páginas de ajuda usando o mesmo esquema de cores e plano de fundo conforme especificado.,FR,Functional,0.5
9097,F0_REQ_09098,O sistema deve fornecer capacidade de pesquisa aos usuários para encontrar rapidamente material de tópico específico através da ferramenta de ajuda online.,FR,Functional,0.5
9098,F0_REQ_09099,O sistema deve fornecer um índice aos usuários para uma busca mais aprofundada de conteúdos de tópicos através da ferramenta de ajuda online.,FR,Functional,0.5
9099,F0_REQ_09100,O sistema deve fornecer um Glossário para termos relacionados à indústria associados à [company name] e ao sistema [system name] aos usuários através da ferramenta de ajuda online.,FR,Functional,0.5
9100,F0_REQ_09101,O sistema deve reter as capacidades existentes de conformidade com HIPAA.,FR,Functional,0.5
9101,F0_REQ_09102,O sistema deve seguir as capacidades de conformidade com HIPAA em novas funcionalidades introduzidas no sistema.,FR,Functional,0.5
