Requirement ID,Project ID,Project Name,Dataset ID,text,class,subclass,confidence
REQ_00001,P001,Library Management System,DS001,"Internally to the CPN, a CNG transmitting private or other critical information (i.e. to a CND) shall protect the data from unauthorised disclosure.",FR,Functional,0.8
REQ_00002,P001,Library Management System,DS001,"Internally to the CPN, a CNG receiving private or other critical information (i.e. from a CND) should verify that the data was protected from unauthorised disclosure.",FR,Functional,0.2
REQ_00003,P001,Library Management System,DS001,The CNG shall detect the end of the life of the key used for cryptographic protection of the wireless communication between the CND and the CNG.,FR,Functional,0.8
REQ_00004,P001,Library Management System,DS001,A CPN-user attempting to invoke a CNG-mediated service shall be identified and authenticated by the CNG before being granted access to the service.,FR,Functional,0.8
REQ_00005,P001,Library Management System,DS001,The CNG shall implement an authentication failure handling policy.,FR,Functional,0.8
REQ_00006,P001,Library Management System,DS001,"The CNG shall take action according to local authentication failure handling policy (which may include silently discarding the authentication and explicit failure notification, or in the case of a replay of credentials may include notification of the true owner of the credentials) upon detection of failure during identification, authentication and authorization.",FR,Functional,0.8
REQ_00007,P001,Library Management System,DS001,The CNG should detect replayed user and/or device credentials.,FR,Functional,0.2
REQ_00008,P001,Library Management System,DS001,"When the CNG detects replayed user and/or device credentials, the CNG shall stop the relevant processes.",FR,Functional,0.8
REQ_00009,P001,Library Management System,DS001,The CNG shall implement a privacy protection policy specifying as a minimum private and critical information.,FR,Functional,0.8
REQ_00010,P001,Library Management System,DS001,"When the CNG detects violation of the privacy protection policy the CNG shall discard all signalling, including signalling from the NGN.",FR,Functional,0.8
REQ_00011,P001,Library Management System,DS001,The CNG shall implement an authorization management handling policy.,FR,Functional,0.8
REQ_00012,P001,Library Management System,DS001,On reception at the CNG of a message to access configuration information for update and detection of authorization failure the CNG shall reject the request and manage the failure in accordance with the CPN authorization management handling policy.,FR,Functional,0.8
REQ_00013,P001,Library Management System,DS001,"Where a CND invokes a session at the CNG the CNG shall record the association of session-id, invoking device identity and invoking user-id.",FR,Functional,0.8
REQ_00014,P001,Library Management System,DS001,On transmission of management information from the CNG to a CND the CNG shall append a timestamp or sequence number to the outgoing message.,NFR,Performance,1
REQ_00015,P001,Library Management System,DS001,On reception at the CNG of a message containing management information the CNG shall extract the timestamp or sequence number and verify that the message has not been replayed.,NFR,Performance,1
REQ_00016,P001,Library Management System,DS001,On reception at the CNG of a message to access or update configuration information the CNG shall allow access only if the sender is an administrator.,FR,Functional,0.8
REQ_00017,P001,Library Management System,DS001,On detection of a message integrity error at the CNG the CNG shall discard the message.,FR,Functional,0.8
REQ_00018,P001,Library Management System,DS001,On indication received at the CNG of a resource allocation expiry the CNG shall delete all residual data associated with the invocation of the resource.,FR,Functional,0.8
REQ_00019,P001,Library Management System,DS001,On receipt of a valid (i.e. authorized) request for data stored in the CNG the CNG shall return the requested data to the requesting user.,FR,Functional,0.8
REQ_00020,P001,Library Management System,DS001,On receipt of a valid (i.e. authorized) request for access to a CNG hosted service or application the CNG shall provide the requested service or application to the requesting user.,FR,Functional,0.8
REQ_00021,P001,Library Management System,DS001,On detection of any system failure or discontinuity not specifically handled by other mechanisms the CNG shall revert to a known safe state.,FR,Functional,0.8
REQ_00022,P001,Library Management System,DS001,The CNG shall support mechanisms to authenticate itself to the NGN for connectivity purposes.,FR,Functional,0.8
REQ_00023,P001,Library Management System,DS001,The CNG shall support mechanisms to authenticate itself to the NGN for service usage purposes.,FR,Functional,0.8
REQ_00024,P001,Library Management System,DS001,The CNG shall support mechanisms to authenticate CNDs to the NGN for service usage purposes if they are not able to fully support the related procedures in an autonomous way.,FR,Functional,0.8
REQ_00025,P001,Library Management System,DS001,The CNG shall support mechanisms for authentication of wireless CNDs for local connectivity. Similar mechanisms may be also implemented for non-wireless devices.,FR,Functional,0.8
REQ_00026,P001,Library Management System,DS001,The CNG and CPN shall support mechanisms that prevent access to the network by unauthorized users.,FR,Functional,0.8
REQ_00027,P001,Library Management System,DS001,"The capacity of the authorized entities should depend on the security policies defined by the service providers, managing the CNG.",FR,Functional,0.2
REQ_00028,P001,Library Management System,DS001,The CNG and the CPN shall implement mechanisms to limit the visibility of the WAN side network and resources to authorized entities.,FR,Functional,0.8
REQ_00029,P001,Library Management System,DS001,The diagnostic operations on the CPN by an operator shall be performed in accordance with rules protecting the users' privacy.,FR,Functional,0.8
REQ_00030,P001,Library Management System,DS001,"CPN environment shall be protected with a stateful firewall function, that may be implemented in the CNG.",FR,Functional,0.8
REQ_00031,P001,Library Management System,DS001,The CNG and the CPN shall be able to support parental control related functionalities limiting the use of the broadband connection on a user or time basis. Limitations on a content basis may be shared with devoted network servers.,FR,Functional,0.8
REQ_00032,P001,Library Management System,DS001,"The CNG shall be equipped with a WAN interface towards the NGN, implementing layer 1 and 2 functionalities (one-box solution).",FR,Functional,0.8
REQ_00033,P001,Library Management System,DS001,"LAN interfaces. The CNG shall be equipped with at least one Ethernet (minimum 100 Mbit/s) is interface. Optional interfaces could be present, e.g.: wireless LAN Wi-Fi Alliance certified, Powerlines, Plastic Optical Fiber, USB device and/or host, one or more FXS for analog telephony, DECT Cat-iq.",NFR,Performance,1
REQ_00034,P001,Library Management System,DS001,The CNG shall support both routed and bridged modes of operation.,FR,Functional,0.8
REQ_00035,P001,Library Management System,DS001,The CNG shall support direct intra-LAN connectivity between any appropriate pair of devices on the Customer Premises Network.,FR,Functional,0.8
REQ_00036,P001,Library Management System,DS001,"The CNG shall support different IP address schemes and subnets on the same physical LAN port, and on different LAN ports, irrespective of routed or bridged mode of operation, allowing the direct addressability of CNDs from the NGN side in relation to data plane, control plane and management plane flows.",FR,Functional,0.8
REQ_00037,P001,Library Management System,DS001,"The CNG and devices shall support mechanisms to identify and share information about the customer network devices (e.g. type of device and basic capabilities, services supported etc.) within the customer environment. Some of this information can be used locally, while a subset of it can be forwarded to the NGN.",FR,Functional,0.8
REQ_00038,P001,Library Management System,DS001,The CNG shall support use of one user identity on several terminals as well as to share one terminal with several identities.,FR,Functional,0.8
REQ_00039,P001,Library Management System,DS001,"The CNG and the Customer Network shall support the NGN services usage (e.g. voice communications, video communications, IPTV, entertainment, …) allowing the connection to the right service control platforms.",FR,Functional,0.8
REQ_00040,P001,Library Management System,DS001,"The CNG should support redirection of IP Multimedia sessions, as defined by TS 181 005 [1], independently from the type of device used (NGN terminal or other CND).",FR,Functional,0.2
REQ_00041,P001,Library Management System,DS001,"The CNG and the Customer Network shall assure the confidentiality, the integrity of signalling/control/media and management flows.",FR,Functional,0.8
REQ_00042,P001,Library Management System,DS001,"The CNG and the Customer Network shall provide the opportunity for a customer network administrator to perform service and network-related configuration. According to the service/network provider choices, the CNG and Customer Network may prevent - user initiated modification of network and service related parameters.",FR,Functional,0.8
REQ_00043,P001,Library Management System,DS001,"The CNG should negotiate session parameters (bandwidth, screen resolution, codecs…) with the NGN transparently to the user.",FR,Functional,0.2
REQ_00044,P001,Library Management System,DS001,"The CPN shall support remote access, based on NGN network functions.",FR,Functional,0.8
REQ_00045,P001,Library Management System,DS001,"The CNG shall allow the customer remote access to a CND in the Customer Network, for example a surveillance video camera.",FR,Functional,0.8
REQ_00046,P001,Library Management System,DS001,"Standard NGN authentication, routing and connectivity should be used to establish remote access connectivity.",NFR,Security,0.2
REQ_00047,P001,Library Management System,DS001,The CNG may use multiple tunnel connections for providing e.g. adequate QoS for the remote access user.,FR,Functional,0.5
REQ_00048,P001,Library Management System,DS001,The CNG may allow secure dynamic firewall opening for remote access devices based on NGN authentication functions.,FR,Functional,0.5
REQ_00049,P001,Library Management System,DS001,The CNG may provide Home to Home (H2H) communication service connecting CNDs in different CPNs.,FR,Functional,0.5
REQ_00050,P001,Library Management System,DS001,"If Home to Home (H2H) communication service is provided, then each CNG must limit access to local CNDs and/or media classes based on the access rights of the remote H2H user identity.",FR,Functional,0.5
REQ_00051,P001,Library Management System,DS001,"If Home to Home (H2H) communication service is provided, then each CNG must ensure that emergency service sessions originating in its CPN are associated with the appropriate location information and/or calling identity.",FR,Functional,0.5
REQ_00052,P001,Library Management System,DS001,"The CPN may support encrypted communication with remote access devices, and the encrypted communication can be terminated either at the CNG or CND.",FR,Functional,0.5
REQ_00053,P001,Library Management System,DS001,The CNG may act as a proxy for handling messages (requests and responses) related to the remote access scenarios to and from the home.,FR,Functional,0.5
REQ_00054,P001,Library Management System,DS001,The CNG may support mechanisms supporting nomadism of the users and their subscribed services from one physical customer environment to another.,FR,Functional,0.5
REQ_00055,P001,Library Management System,DS001,"The CNG should be able to assist in establishing Rich Communication Suite sessions between CNDs, including joining/splitting voice & media streams.",FR,Functional,0.2
REQ_00056,P001,Library Management System,DS001,It should be possible for more than one identity to be associated with a single CPN subscription.,FR,Functional,0.2
REQ_00057,P001,Library Management System,DS001,It should be possible for a service profile to be associated with each identity within a CPN subscription.,FR,Functional,0.2
REQ_00058,P001,Library Management System,DS001,It shall be possible for a single public identity to be associated with multiple CNDs where each association is allocated a unique private identity.,FR,Functional,0.8
REQ_00059,P001,Library Management System,DS001,Multiple public identities on the same terminal shall be supported.,FR,Functional,0.8
REQ_00060,P001,Library Management System,DS001,The CNG shall support a mechanism allowing the support of call forking towards customer non-IMS capable devices.,FR,Functional,0.8
REQ_00061,P001,Library Management System,DS001,The CNG shall able to store information related to private identities of non-IMS capable CNDs.,FR,Functional,0.8
REQ_00062,P001,Library Management System,DS001,The CNG shall support a mechanism allowing the support of call forwarding toward non-IMS capable CNDs.,FR,Functional,0.8
REQ_00063,P001,Library Management System,DS001,The CNG shall support intra-CPN communication between IMS and non-IMS capable CNDs.,FR,Functional,0.8
REQ_00064,P001,Library Management System,DS001,The customer environment (CNG and/or CNDs) should support a mechanism to allow service roaming,FR,Functional,0.2
REQ_00065,P001,Library Management System,DS001,The NGN network should be provided with a CND location information.,FR,Functional,0.2
REQ_00066,P001,Library Management System,DS001,Codec requirements and capabilities for the User Equipment (including the CNG) are already defined in TS 181 005 [1] which describes service requirements and capabilities for the TISPAN NGN.,FR,Functional,0.5
REQ_00067,P001,Library Management System,DS001,The CNG shall support mechanisms for managing IPTV flows provided both in unicast and multicast mode.,FR,Functional,0.8
REQ_00068,P001,Library Management System,DS001,In case of multicast flows the CNG shall keep a record of which devices are subscribed to which multicast group.,FR,Functional,0.8
REQ_00069,P001,Library Management System,DS001,An IPTV media flow shall be terminated by a STB or by a specific device called media gateway (or application gateway). The CNG shall not terminate any IPTV flow by itself.,FR,Functional,0.8
REQ_00070,P001,Library Management System,DS001,The CNG shall support the connection to a STB (or media gateway) both in a bridged or in a routed mode of operation.,FR,Functional,0.8
REQ_00071,P001,Library Management System,DS001,Depending on the operation mode chosen (bridged or touted) and on the type of flow treated (unicast or multicast) the CNG shall forward packets only to the physical interfaces which are connected to devices interested to the IPTV flow.,FR,Functional,0.8
REQ_00072,P001,Library Management System,DS001,In case of multicast streams the CNG should support proxy functionalities to optimize the management of information related to signalling.,FR,Functional,0.2
REQ_00073,P001,Library Management System,DS001,"CNG shall perform a link layer multicast to unicast translation if the STB or media gateway are connected using customer network technologies not supporting multicast flows (e.g. powerlines, wireless).",FR,Functional,0.8
REQ_00074,P001,Library Management System,DS001,STB or media gateways should be equipped with a programmable open API allowing the implementation of specific service logics.,FR,Functional,0.2
REQ_00075,P001,Library Management System,DS001,Functionalities related to Electronic Programming Guide and DRM management shall be implemented in STB or media gateway and not in CNG.,FR,Functional,0.8
REQ_00076,P001,Library Management System,DS001,Media flows (data plane) transcoding shall be performed by STB or media gateway and not by the CNG.,FR,Functional,0.8
REQ_00077,P001,Library Management System,DS001,Protocols adaptation for control plane or management plane may be performed by CNG.,FR,Functional,0.5
REQ_00078,P001,Library Management System,DS001,"Presence related information shall be sent to the NGN by the STB or the CNG (depending on the specific architectural choices, CNG could manage the presence related information on behalf of the specific device used) to enable specific services tailored on the specific user's profile.",FR,Functional,0.8
REQ_00079,P001,Library Management System,DS001,CPN should support user generated content (UGC) using an NGN service.,FR,Functional,0.2
REQ_00080,P001,Library Management System,DS001,CPN should support storage of UGC within the CPN.,NFR,Performance,0.2
REQ_00081,P001,Library Management System,DS001,"Subject to applicable regulation, UGC media streams may be sent directly from one CPN to one or multiple other CPN.",FR,Functional,0.5
REQ_00082,P001,Library Management System,DS001,"CPN should support bookmarks (e.g. hyperlinks) to stored and streaming user-generated content in order to store and exchange references to uploaded and streaming UGC,.",FR,Functional,0.2
REQ_00083,P001,Library Management System,DS001,The user should be able to personalize bookmarks to UGC.,FR,Functional,0.2
REQ_00084,P001,Library Management System,DS001,"CPN should support inter-destination content synchronisation of streaming multimedia content. This should achieve that all or a specific group of users consuming specific content get the content presented simultaneously, i.e. without user-noticeable delay difference.",FR,Functional,0.2
REQ_00085,P001,Library Management System,DS001,"The CNG and the CPN shall support adequate Quality of Service mechanisms (e.g. prioritize the traffic in the event that there is not sufficient bandwidth in the customer network in order to ensure the correct network performances to each traffic flow). To achieve this objective a number of functionalities shall be supported by CNG and/or CNDs, as defined in the following bullets. Most of the following set of requirements is defined adopting as a reference the Home Gateway Initiative (HGI) Release 1 Specification mentioned in clause 2 [6].",NFR,Performance,1
REQ_00086,P001,Library Management System,DS001,The NGN network QoS functions shall be possible to use to enhance the end-user experience.,FR,Functional,0.8
REQ_00087,P001,Library Management System,DS001,The CNG may interact with the Resource and Admission Control Subsystem (RACS) as defined in ES 282 001 [9] to support remote real-time QoS control,FR,Functional,0.5
REQ_00088,P001,Library Management System,DS001,The CNG may interact with network elements inside the CPN to support QoS control inside the CPN.,FR,Functional,0.5
REQ_00089,P001,Library Management System,DS001,The CNG shall classify packets entering the CPN through its WAN interface (downstream direction) according to a number of predefined priorities. Classification can be done on the basis of different layer 2 and/or layer 3 parameters.,NFR,Performance,1
REQ_00090,P001,Library Management System,DS001,"The number of possible values defining the packet priority and, by consequence, the number of queues managed in the downstream direction shall be coherent with the number of concurrent services (data, communication, entertainment) to be treated and supported.",NFR,Performance,1
REQ_00091,P001,Library Management System,DS001,"When forwarding packets from the WAN interface to the customer network, the CNG shall perform one of the following three actions, depending on the classification results: manage a number of queues corresponding to the different priorities detected in the classification phase for each packet processed, send the packets to some internal buffers or simply drop the packet.",FR,Functional,1
REQ_00092,P001,Library Management System,DS001,The CNG shall classify packets coming from the CPN through its LAN interfaces (upstream direction) according to a number of predefined priorities. Classification can be done on the basis of different layer 2 and/or layer 3 parameters.,NFR,Performance,1
REQ_00093,P001,Library Management System,DS001,"The number of possible values defining the packet priority and, by consequence, the number of queues managed in the upstream direction shall be coherent with the number of concurrent services (data, communication, entertainment) to be treated and supported.",NFR,Performance,1
REQ_00094,P001,Library Management System,DS001,"When forwarding packets from the customer network to the WAN interface, the CNG shall manage a number of queues corresponding to the different priorities detected in the classification phase for each packet processed.",NFR,Performance,1
REQ_00095,P001,Library Management System,DS001,The CNG shall be able to classify intra-LAN traffic that is simply bridged by the CNG itself within the CPN.,FR,Functional,0.8
REQ_00096,P001,Library Management System,DS001,"Traffic marking: depending on what are the parameters used to perform classification, CNDs or CNG itself on behalf of the CNDs shall be able to modify the packets' priority.",FR,Functional,0.8
REQ_00097,P001,Library Management System,DS001,"In case of huge amount of traffic in upstream or downstream directions, a congestion management mechanism shall be implemented in the CNG to minimize the impact from the user experience point of view.",FR,Functional,0.8
REQ_00098,P001,Library Management System,DS001,"In case of managed services, QoS rules applied by CNG shall be configurable by a remote management system.",FR,Functional,0.8
REQ_00099,P001,Library Management System,DS001,"In case of unmanaged services, user shall be able to access a QoS configuration function implemented in the CNG.",FR,Functional,0.8
REQ_00100,P001,Library Management System,DS001,"CNG shall be equipped with an application client to be remotely manageable by the service providers for configuration, monitoring, firmware upgrade purposes. In case of multiple service providers multiple clients configuring different sets of parameters (for example referring to different services) may be present. A single parameter can be modified by a single client only.",FR,Functional,0.8
REQ_00101,P001,Library Management System,DS001,"It shall be possible to configure the CNG (e.g. firmware downloading) according to the subscribed services. This operation may be performed when the CNG is connected to the network for the first time, for each new service subscription/modification, or for any technical management (e.g. security, patches, etc.).",FR,Functional,0.8
REQ_00102,P001,Library Management System,DS001,CNG shall support mechanisms for secure authentication and communication with the remote management system.,FR,Functional,0.8
REQ_00103,P001,Library Management System,DS001,The CNG shall be associated with a unique Hardware ID to be used for identification NGN side.,FR,Functional,0.8
REQ_00104,P001,Library Management System,DS001,A suitably authorized CPN user (e.g. the system administrator) shall be able to install and activate NGN managed services without the intervention of the subscribing CPN user.,FR,Functional,0.8
REQ_00105,P001,Library Management System,DS001,"A suitably authorized CPN user (e.g. the system administrator) shall be able to manage and configure the provisioning, capabilities and use of NGN managed services from an NGN access point outside the CPN.",FR,Functional,0.8
REQ_00106,P001,Library Management System,DS001,A CPN user shall be able to configure any unmanaged service provided to the user.,FR,Functional,0.8
REQ_00107,P001,Library Management System,DS001,"The CNG Remote Management requires to manage a specific set of parameters. At least the following list of parameters shall be available: Customer Identification, Physical Line Identification, list of subscribed services, CNG IP address.",FR,Functional,0.8
REQ_00108,P001,Library Management System,DS001,"For the CNG management it is recommended to use a single protocol, so as to minimize the complexity and the cost of the service.",FR,Functional,0.5
REQ_00109,P001,Library Management System,DS001,CNDs connected to the CPN and devoted to specific NGN managed services shall be remotely manageable.,FR,Functional,0.8
REQ_00110,P001,Library Management System,DS001,CNG shall support mechanisms allowing the CNDs remote management when applicable.,FR,Functional,0.8
REQ_00111,P001,Library Management System,DS001,Protection mechanisms shall be implemented to avoid that a management client could access and modify parameters that is not allow to configure.,FR,Functional,0.8
REQ_00112,P001,Library Management System,DS001,"The CPN (trough CNDs and/or CNG) shall support manual configuration to insert information to access IMS network (e.g. IMPU, IMPI, Shared keys, Home Network Domain or P-CSCF IP Address, etc.).",FR,Functional,0.8
REQ_00113,P001,Library Management System,DS001,The CND directly or through the CNG must be able to access to Network Configuration Service Function without involving any user interaction.,FR,Functional,0.5
REQ_00114,P001,Library Management System,DS001,The Network Configuration Server should be able to upload different parameter sets related to service subscription.,FR,Functional,0.2
REQ_00115,P001,Library Management System,DS001,The CND should be able to support bootstrap capabilities in order to retrieve network configuration data to connect the NGN.,FR,Functional,0.2
REQ_00116,P001,Library Management System,DS001,The CND/CNG shall support a mechanism allowing the user to manually modify the association between a public identity (e.g. phone number) and a specific private identity corresponding to a single customer device not provided with a UICC and corresponding also to legal service level agreements between the user and the service provider.,NFR,Performance,1
REQ_00117,P001,Library Management System,DS001,The CPN (CND and/or CNG) shall support a method to access a Self Configuration Server.,FR,Functional,0.8
REQ_00118,P001,Library Management System,DS001,The CPN should support a capability to ensure QoS and call prioritization for sessions originating or terminating in the H(e)NB.,FR,Functional,0.2
REQ_00119,P001,Library Management System,DS001,"A CND, as defined in clause 3, may use the CNG to access NGN services.",FR,Functional,0.5
REQ_00120,P001,Library Management System,DS001,Authorized users shall be able to access NGN-based services using any NGN supported home device.,FR,Functional,0.8
REQ_00121,P001,Library Management System,DS001,Both IMS capable devices with or without UICC and non-IMS capable devices without UICC shall be supported.,FR,Functional,0.8
REQ_00122,P001,Library Management System,DS001,"If the CND contains an ISIM/UICC, it shall support the AKA authentication method (TS 187 001 [8])",FR,Functional,0.8
REQ_00123,P001,Library Management System,DS001,"If the CND does not contain an ISIM/UICC, it shall support the HTTP Digest authentication or the NBA",FR,Functional,0.8
REQ_00124,P001,Library Management System,DS001,"The CND shall provide its registration identity, when it requires the registration to the network.",FR,Functional,0.8
REQ_00125,P001,Library Management System,DS001,"In order to support the NGN services and intra-CPN communications, all the CNDs in the CPN shall be addressable directly or by the mean of the CNG using L2/L3 mechanisms.",FR,Functional,0.8
REQ_00126,P001,Library Management System,DS001,The CND should support protocols for remote access management.,FR,Functional,0.2
REQ_00127,P001,Library Management System,DS001,The CND should support protocol for local authentication in CPN/CNG.,NFR,Security,0.2
REQ_00128,P001,Library Management System,DS001,"The CND shall support the NGN services usage (e.g. voice communications, video communications, IPTV, entertainment, etc.) allowing the connection to the right service control platforms to process the media.",FR,Functional,0.8
REQ_00129,P001,Library Management System,DS001,The CND shall support protocol to access the NGN service layer platforms.,FR,Functional,0.8
REQ_00130,P001,Library Management System,DS001,The CND shall support protocols to access Self Configuration application (as defined in clause 4.1).,FR,Functional,0.8
REQ_00131,P001,Library Management System,DS001,The CND shall be able to download and install client application services.,FR,Functional,0.8
REQ_00132,P001,Library Management System,DS001,The CND should be able to communicate its services related capabilities to the CNG.,FR,Functional,0.2
REQ_00133,P001,Library Management System,DS001,The CND should be able to support one or more codecs for communication services (as defined by TS 181 005 [1]).,FR,Functional,0.2
REQ_00134,P001,Library Management System,DS001,The CNG shall support mechanisms to authenticate itself to the NGN for connectivity purposes.,FR,Functional,0.8
REQ_00135,P001,Library Management System,DS001,The CNG shall support mechanisms to authenticate itself to the NGN for service usage purposes.,FR,Functional,0.8
REQ_00136,P001,Library Management System,DS001,The CNG shall support mechanisms to authenticate CNDs to the NGN for service usage purposes if they are not able to fully support the related procedures in an autonomous way.,FR,Functional,0.8
REQ_00137,P001,Library Management System,DS001,The CNG shall support mechanisms for authentication of wireless CNDs for local connectivity. Similar mechanisms may be also implemented for non-wireless devices.,FR,Functional,0.8
REQ_00138,P001,Library Management System,DS001,The CNG and CPN shall support mechanisms that prevent access to the network by unauthorized users.,FR,Functional,0.8
REQ_00139,P001,Library Management System,DS001,"The capacity of the authorized entities should depend on the security policies defined by the service providers, managing the CNG.",FR,Functional,0.2
REQ_00140,P001,Library Management System,DS001,The CNG and the CPN shall implement mechanisms to limit the visibility of the WAN side network and resources to authorized entities.,FR,Functional,0.8
REQ_00141,P001,Library Management System,DS001,The diagnostic operations on the CPN by an operator shall be performed in accordance with rules protecting the users' privacy.,FR,Functional,0.8
REQ_00142,P001,Library Management System,DS001,"CPN environment shall be protected with a stateful firewall function, that may be implemented in the CNG.",FR,Functional,0.8
REQ_00143,P001,Library Management System,DS001,The CNG and the CPN shall be able to support parental control related functionalities limiting the use of the broadband connection on a user or time basis. Limitations on a content basis may be shared with devoted network servers.,FR,Functional,0.8
REQ_00144,P001,Library Management System,DS001,"The CNG shall be equipped with a WAN interface towards the NGN, implementing layer 1 and 2 functionalities (one-box solution).",FR,Functional,0.8
REQ_00145,P001,Library Management System,DS001,"LAN interfaces. The CNG shall be equipped with at least one Ethernet (minimum 100 Mbit/s) is interface. Optional interfaces could be present, e.g.: wireless LAN Wi-Fi Alliance certified, Powerlines, Plastic Optical Fiber, USB device and/or host, one or more FXS for analog telephony, DECT Cat-iq.",NFR,Performance,1
REQ_00146,P001,Library Management System,DS001,The CNG shall support both routed and bridged modes of operation.,FR,Functional,0.8
REQ_00147,P001,Library Management System,DS001,The CNG shall support direct intra-LAN connectivity between any appropriate pair of devices on the Customer Premises Network.,FR,Functional,0.8
REQ_00148,P001,Library Management System,DS001,"The CNG shall support different IP address schemes and subnets on the same physical LAN port, and on different LAN ports, irrespective of routed or bridged mode of operation, allowing the direct addressability of CNDs from the NGN side in relation to data plane, control plane and management plane flows.",FR,Functional,0.8
REQ_00149,P001,Library Management System,DS001,"The CNG and devices shall support mechanisms to identify and share information about the customer network devices (e.g. type of device and basic capabilities, services supported etc.) within the customer environment. Some of this information can be used locally, while a subset of it can be forwarded to the NGN.",FR,Functional,0.8
REQ_00150,P001,Library Management System,DS001,The CNG shall support use of one user identity on several terminals as well as to share one terminal with several identities.,FR,Functional,0.8
REQ_00151,P001,Library Management System,DS001,"The CNG and the Customer Network shall support the NGN services usage (e.g. voice communications, video communications, IPTV, entertainment, …) allowing the connection to the right service control platforms.",FR,Functional,0.8
REQ_00152,P001,Library Management System,DS001,"The CNG should support or not prevent redirection of IP Multimedia sessions, as defined by TS 181 005 [1], independently from the type of device used (NGN terminal or other CND).",FR,Functional,0.2
REQ_00153,P001,Library Management System,DS001,"The CNG and the Customer Network shall assure the confidentiality, the integrity of signalling/control/media and management flows.",FR,Functional,0.8
REQ_00154,P001,Library Management System,DS001,"The CNG and the Customer Network shall provide the opportunity for a customer network administrator to perform service and network-related configuration. According to the service/network provider choices, the CNG and Customer Network may prevent - user initiated modification of network and service related parameters.",FR,Functional,0.8
REQ_00155,P001,Library Management System,DS001,"The CNG should negotiate session parameters (bandwidth, screen resolution, codecs…) with the NGN transparently to the user.",FR,Functional,0.2
REQ_00156,P001,Library Management System,DS001,"The CPN shall support secure remote access control, based on NGN network functions.",FR,Functional,0.8
REQ_00157,P001,Library Management System,DS001,"The CNG shall allow the customer remote access to a CND in the Customer Network, for example a surveillance video camera.",FR,Functional,0.8
REQ_00158,P001,Library Management System,DS001,"Standard NGN authentication, routing and connectivity should be used to establish remote access connectivity.",NFR,Security,0.2
REQ_00159,P001,Library Management System,DS001,The CNG may allow secure dynamic firewall opening for remote access devices based on NGN authentication functions.,FR,Functional,0.5
REQ_00160,P001,Library Management System,DS001,"The CPN may support encrypted communication with remote access devices, and the encrypted communication can be terminated either at the CNG or CND.",FR,Functional,0.5
REQ_00161,P001,Library Management System,DS001,The CNG may act as a proxy for handling messages (requests and responses) related to the remote access scenarios to and from the home.,FR,Functional,0.5
REQ_00162,P001,Library Management System,DS001,The CNG may support mechanisms supporting nomadism of the users and their subscribed services from one physical customer environment to another.,FR,Functional,0.5
REQ_00163,P001,Library Management System,DS001,"Multiple identities should be supported within the same subscription. Personal service profiles per each identity within the same subscription should be supported. A shared public identity on several terminals, with different private identities, shall be supported (shared IMPU).",FR,Functional,0.5
REQ_00164,P001,Library Management System,DS001,Multiple public identities on the same terminal shall be supported.,FR,Functional,0.8
REQ_00165,P001,Library Management System,DS001,The CNG shall support a mechanism allowing the support of call forking towards customer non-IMS capable devices and shall able to store information related to private identities of non-IMS capable CNDs.,FR,Functional,0.8
REQ_00166,P001,Library Management System,DS001,The CNG shall support a mechanism allowing the support of call forwarding toward non-IMS capable CNDs.,FR,Functional,0.8
REQ_00167,P001,Library Management System,DS001,The CNG shall support intra-CPN communication between IMS and non-IMS capable CNDs.,FR,Functional,0.8
REQ_00168,P001,Library Management System,DS001,The customer environment (CNG and/or CNDs) should support a mechanism to allow service roaming,FR,Functional,0.2
REQ_00169,P001,Library Management System,DS001,(i.e. using the same CND in two different CPNs declaring the same public identity). Supporting this scenario for non IMS capable CNDs is still to be discussed.,FR,Functional,0.5
REQ_00170,P001,Library Management System,DS001,The NGN network should be provided with a CND location information.,FR,Functional,0.2
REQ_00171,P001,Library Management System,DS001,Codec requirements and capabilities for the User Equipment (including the CNG) are already defined in TS 181 005 [1] which describes service requirements and capabilities for the TISPAN NGN.,FR,Functional,0.5
REQ_00172,P001,Library Management System,DS001,The CNG shall support mechanisms for managing IPTV flows provided both in unicast and multicast mode.,FR,Functional,0.8
REQ_00173,P001,Library Management System,DS001,In case of multicast flows the CNG shall keep a record of which devices are subscribed to which multicast group.,FR,Functional,0.8
REQ_00174,P001,Library Management System,DS001,An IPTV media flow shall be terminated by a STB or by a specific device called media gateway (or application gateway). The CNG shall not terminate any IPTV flow by itself.,FR,Functional,0.8
REQ_00175,P001,Library Management System,DS001,The CNG shall support the connection to a STB (or media gateway) both in a bridged or in a routed mode of operation.,FR,Functional,0.8
REQ_00176,P001,Library Management System,DS001,Depending on the operation mode chosen (bridged or touted) and on the type of flow treated (unicast or multicast) the CNG shall forward packets only to the physical interfaces which are connected to devices interested to the IPTV flow.,FR,Functional,0.8
REQ_00177,P001,Library Management System,DS001,In case of multicast streams the CNG should support proxy functionalities to optimize the management of information related to signalling.,FR,Functional,0.2
REQ_00178,P001,Library Management System,DS001,"CNG shall perform a link layer multicast to unicast translation if the STB or media gateway are connected using customer network technologies not supporting multicast flows (e.g. powerlines, wireless).",FR,Functional,0.8
REQ_00179,P001,Library Management System,DS001,STB or media gateways should be equipped with a programmable open API allowing the implementation of specific service logics.,FR,Functional,0.2
REQ_00180,P001,Library Management System,DS001,Functionalities related to Electronic Programming Guide and DRM management shall be implemented in STB or media gateway and not in CNG.,FR,Functional,0.8
REQ_00181,P001,Library Management System,DS001,Media flows (data plane) transcoding shall be performed by STB or media gateway and not by the CNG.,FR,Functional,0.8
REQ_00182,P001,Library Management System,DS001,Protocols adaptation for control plane or management plane may be performed by CNG.,FR,Functional,0.5
REQ_00183,P001,Library Management System,DS001,"Presence related information shall be sent to the NGN by the STB or the CNG (depending on the specific architectural choices, CNG could manage the presence related information on behalf of the specific device used) to enable specific services tailored on the specific user's profile.",FR,Functional,0.8
REQ_00184,P001,Library Management System,DS001,The CNG shall classify packets entering the CPN through its WAN interface (downstream direction) according to a number of predefined priorities. Classification can be done on the basis of different layer 2 and/or layer 3 parameters.,NFR,Performance,1
REQ_00185,P001,Library Management System,DS001,"The number of possible values defining the packet priority and, by consequence, the number of queues managed in the downstream direction shall be coherent with the number of concurrent services (data, communication, entertainment) to be treated and supported.",NFR,Performance,1
REQ_00186,P001,Library Management System,DS001,"When forwarding packets from the WAN interface to the customer network, the CNG shall perform one of the following three actions, depending on the classification results: manage a number of queues corresponding to the different priorities detected in the classification phase for each packet processed, send the packets to some internal buffers or simply drop the packet.",FR,Functional,1
REQ_00187,P001,Library Management System,DS001,The CNG shall classify packets coming from the CPN through its LAN interfaces (upstream direction) according to a number of predefined priorities. Classification can be done on the basis of different layer 2 and/or layer 3 parameters.,NFR,Performance,1
REQ_00188,P001,Library Management System,DS001,"The number of possible values defining the packet priority and, by consequence, the number of queues managed in the upstream direction shall be coherent with the number of concurrent services (data, communication, entertainment) to be treated and supported.",NFR,Performance,1
REQ_00189,P001,Library Management System,DS001,"When forwarding packets from the customer network to the WAN interface, the CNG shall manage a number of queues corresponding to the different priorities detected in the classification phase for each packet processed.",NFR,Performance,1
REQ_00190,P001,Library Management System,DS001,CNG shall be able to classify intra-LAN traffic that is simply bridged by the CNG itself within the CPN.,FR,Functional,0.8
REQ_00191,P001,Library Management System,DS001,"Traffic marking: depending on what are the parameters used to perform classification, CNDs or CNG itself on behalf of the CNDs shall be able to modify the packets' priority.",FR,Functional,0.8
REQ_00192,P001,Library Management System,DS001,"In case of huge amount of traffic in upstream or downstream directions, a congestion management mechanism shall be implemented in the CNG to minimize the impact from the user experience point of view.",FR,Functional,0.8
REQ_00193,P001,Library Management System,DS001,"In case of managed services, QoS rules applied by CNG shall be configurable by a remote management system",FR,Functional,0.8
REQ_00194,P001,Library Management System,DS001,"In case of unmanaged services, user shall be able to access a QoS configuration function implemented in the CNG.",FR,Functional,0.8
REQ_00195,P001,Library Management System,DS001,"The CNG shall be equipped with an application client to be remotely manageable by the service providers for configuration, monitoring, firmware upgrade purposes. In case of multiple service providers multiple clients configuring different sets of parameters (for example referring to different services) may be present. A single parameter can be modified by a single client only.",FR,Functional,0.8
REQ_00196,P001,Library Management System,DS001,"It shall be possible to configure the CNG (e.g. firmware downloading) according to the subscribed services. This operation may be performed when the CNG is connected to the network for the first time, for each new service subscription/modification, or for any technical management (e.g. security, patches, etc.).",FR,Functional,0.8
REQ_00197,P001,Library Management System,DS001,The CNG shall support mechanisms for secure authentication and communication with the remote management system.,FR,Functional,0.8
REQ_00198,P001,Library Management System,DS001,The CNG shall be associated with a unique Hardware ID to be used for identification NGN side.,FR,Functional,0.8
REQ_00199,P001,Library Management System,DS001,"In case of managed services, the CNG shall support zero-touch provisioning to activate new services, starting from Internet access to voice and video services and shall be remotely manageable. In case of unmanaged services the user shall be able to configure the CNG by himself.",FR,Functional,0.8
REQ_00200,P001,Library Management System,DS001,"The CNG Remote Management requires to manage a specific set of parameters. At least the following list of parameters shall be available: Customer Identification, Physical Line Identification, list of subscribed services, CNG IP address.",FR,Functional,0.8
REQ_00201,P001,Library Management System,DS001,"For the CNG management it is recommended to use a single protocol, so as to minimize the complexity and the cost of the service.",FR,Functional,0.5
REQ_00202,P001,Library Management System,DS001,CNDs connected to the CPN and devoted to specific managed services shall be remotely manageable,FR,Functional,0.8
REQ_00203,P001,Library Management System,DS001,"(e.g. VoIP phones, Video phones, STBs, etc).",FR,Functional,0.5
REQ_00204,P001,Library Management System,DS001,CNG shall support mechanisms allowing the CNDs remote management when applicable.,FR,Functional,0.8
REQ_00205,P001,Library Management System,DS001,Protection mechanisms shall be implemented to avoid that a management client could access and modify parameters that is not allow to configure.,FR,Functional,0.8
REQ_00206,P001,Library Management System,DS001,"The CPN (trough CNDs and/or CNG) shall support manual configuration to insert information to access IMS network (e.g. IMPU, IMPI, Shared keys, Home Network Domain or P-CSCF IP Address, etc.).",FR,Functional,0.8
REQ_00207,P001,Library Management System,DS001,The CND directly or through the CNG must be able to access to Network Configuration Service Function avoiding any user interaction. (and so the Network Configuration Server should be able to upload different parameter related to service subscription).,FR,Functional,0.2
REQ_00208,P001,Library Management System,DS001,The CND should be able to support bootstrap capabilities in order to retrieve network configuration data to connect the NGN.,FR,Functional,0.2
REQ_00209,P001,Library Management System,DS001,The CND/CNG shall support a mechanism allowing the user to manually modify the association between a public identity (e.g. phone number) and a specific private identity corresponding to a single customer device not provided with a UICC.,NFR,Performance,1
REQ_00210,P001,Library Management System,DS001,The CPN (CND and/or CNG) shall support a method to access a Self Configuration Server.,FR,Functional,0.8
REQ_00001,P002,Electronic Purse System,DS002,Successful authentication is a prerequisite for the processing of any on-line or offline CEPS transaction,NFR,Security,0.5
REQ_00002,P002,Electronic Purse System,DS002,"On-line authentication must take place between the card issuer and the CEP card for load,unload,and currency exchange transactions",FR,Functional,0.5
REQ_00003,P002,Electronic Purse System,DS002,The card issuer and the CEP card share a secret key to generate and verify MACs,FR,Functional,0.5
REQ_00004,P002,Electronic Purse System,DS002,Off-line authentication must take place between a PSAM in the POS device and the CEP card for purchase and cancel last purchase transactions,FR,Functional,0.5
REQ_00005,P002,Electronic Purse System,DS002,"The card and the PSAM must use a public key algorithm for mutual authentication and session key exchange,as no permanent shared secret key may exist between the CEP card and the PSAM",FR,Functional,0.5
REQ_00006,P002,Electronic Purse System,DS002,"To load value into a slot of the CEP card securely,the load device establishes a connection between the issuer and the CEP card",FR,Functional,0.5
REQ_00007,P002,Electronic Purse System,DS002,"The card should use a unique diversified secret key,personalized into the card,to generate and authenticate transaction signatures",FR,Functional,0.2
REQ_00008,P002,Electronic Purse System,DS002,"If this is not a cash load,the funds issuer needs to verify that the funds are requested by the legitimate account owner,which is normally done by the presentation of an enciphered PIN",FR,Functional,0.5
REQ_00009,P002,Electronic Purse System,DS002,"The card issuer needs to ensure that the load acquirer is guaranteeing payment for the electronic value,and that the card is authentic",FR,Functional,0.5
REQ_00010,P002,Electronic Purse System,DS002,"The load acquirer needs to ensure that the issuer is the true owner of the card,and,in the case of an apparent failure of the load,the load acquirer needs the card presented to authenticate the failure",NFR,Reliability,0.5
REQ_00011,P002,Electronic Purse System,DS002,The load device sends S1 in an authorization request to the issuer,NFR,Security,0.5
REQ_00012,P002,Electronic Purse System,DS002,The load device also provides for verification of the identity of the cardholder (with either on-line or off-line PIN verification) and forwards verification data in the authorization request,FR,Functional,0.5
REQ_00013,P002,Electronic Purse System,DS002,The issuer validates S1 to authenticate the card and the data to be used in the transaction,FR,Functional,0.5
REQ_00014,P002,Electronic Purse System,DS002,The issuer sends S2 to the load acquirer in the authorization response message,NFR,Security,0.5
REQ_00015,P002,Electronic Purse System,DS002,Unloads are permitted only to an account controlled by the card issuer and are performed only at a load device under the control of the card issuer,FR,Functional,0.5
REQ_00016,P002,Electronic Purse System,DS002,"The cardholder must have an account relationship with the card issuer,and funds removed from the card are credited to the cardholder account only after the card issuer authenticates the card",FR,Functional,0.5
REQ_00017,P002,Electronic Purse System,DS002,"The issuer needs only to authenticate the card,and the card needs only to authenticate the issuer and that the data is the same as used by the issuer",FR,Functional,0.5
REQ_00018,P002,Electronic Purse System,DS002,"The card generates S1,using data from the card and load device,and sends S1 to the card issuer to authenticate the card and the data that is to be used in the transaction",FR,Functional,0.5
REQ_00019,P002,Electronic Purse System,DS002,"The card issuer generates S2,which is sent to the card to allow the card to validate the card issuer??s authenticity and to ensure that the data used by the card in the transaction is the same as the card issuer intended",FR,Functional,0.5
REQ_00020,P002,Electronic Purse System,DS002,"In the case of an unsuccessful completion,exception processing outlined in the On-line Exception Processing section is performed",FR,Functional,0.5
REQ_00021,P002,Electronic Purse System,DS002,"During a purchase transaction,the CEP card must ensure that it is dealing with an authentic POS device,and it must generate a signature to allow the card issuer to verify the integrity of the transaction",FR,Functional,0.5
REQ_00022,P002,Electronic Purse System,DS002,"The POS device must ensure that it is dealing with an authentic card,and guarantee integrity of transactions and batches to the merchant acquirer",FR,Functional,0.5
REQ_00023,P002,Electronic Purse System,DS002,"In the case of a reversal,the CEP card must re-authenticate the PSAM",FR,Functional,0.5
REQ_00024,P002,Electronic Purse System,DS002,"The card must ensure that the transaction is performed by the same POS device as was used for the purchase being canceled,and that the amount of the cancellation is the same as the amount of the purchase,or,in the case of an incremental purchase,the same as the amount of the last step",FR,Functional,0.5
REQ_00025,P002,Electronic Purse System,DS002,"During a Cancel Last Purchase transaction,the CEP card is authenticated by the PSAM in the POS device",FR,Functional,0.5
REQ_00026,P002,Electronic Purse System,DS002,"The PSAM authenticates that the purchase transaction being canceled was performed by the PSAM,and that the transaction being canceled is part of the active batch",FR,Functional,0.5
REQ_00027,P002,Electronic Purse System,DS002,The card issuer and the merchant acquirer also authenticate the transaction when they receive it,FR,Functional,0.5
REQ_00028,P002,Electronic Purse System,DS002,Transmissions between host systems should be protected by MACs based on unique keys that are shared by the nodes involved,FR,Functional,0.2
REQ_00029,P002,Electronic Purse System,DS002,"The transaction signatures ensure end to end integrity of transmitted data for load,unload,and currency exchange transactions",FR,Functional,0.5
REQ_00030,P002,Electronic Purse System,DS002,These totals are used by the merchant acquirer to ensure the integrity of the batch,FR,Functional,0.5
REQ_00031,P002,Electronic Purse System,DS002,"The count and amount of the transactions in the batch must be protected by the S4 MAC,This information is not part of the card issuer??s verification process",FR,Functional,0.5
REQ_00032,P002,Electronic Purse System,DS002,Scheme providers must assign unique identifying numbers to merchant acquirers who provide PSAMs,NFR,Performance,0.8
REQ_00033,P002,Electronic Purse System,DS002,These merchant acquirers must then assign unique identifiers to PSAMs,FR,Functional,0.5
REQ_00034,P002,Electronic Purse System,DS002,"Each PSAM must maintain a transaction count,The unique PSAM ID and the transaction count are used during a conversation with a CEP card. The transaction count must not be reset during the life of the PSAM",FR,Functional,0.5
REQ_00035,P002,Electronic Purse System,DS002,"Contain the CA public RSA key,the PSAM??s private RSA key and optionally the certificates that the POS device uses to perform mutual authentication with the CEP card",NFR,Security,0.5
REQ_00036,P002,Electronic Purse System,DS002,"Perform the calculation required to generate a signature using the PSAM??s private RSA key,to allow the CEP card to validate the PSAM",FR,Functional,0.5
REQ_00037,P002,Electronic Purse System,DS002,Contain the latest transaction count and amount of batches that have not been deleted from the POS device by the merchant or merchant acquirer,FR,Functional,0.5
REQ_00038,P002,Electronic Purse System,DS002,Contain the details of a transaction between the initialize command for that transaction and the initialize command for the next transaction,FR,Functional,0.5
REQ_00039,P002,Electronic Purse System,DS002,"Be the entity that maintains control over the flow of a transaction,ensuring that all security is enforced",NFR,Security,0.5
REQ_00040,P002,Electronic Purse System,DS002,Perform the verification of signatures and certificates during a purchase and cancel last purchase transaction,FR,Functional,0.5
REQ_00041,P002,Electronic Purse System,DS002,Ensure that each batch of transactions is cleared and settled once and only once,FR,Functional,0.5
REQ_00042,P002,Electronic Purse System,DS002,Send transactions to card issuers or their processors in a standard format defined in agreement with the scheme provider,FR,Functional,0.5
REQ_00043,P002,Electronic Purse System,DS002,"Ensure that CA public keys,aggregation parameters,blocking lists and issuer certificate revocation lists from the scheme providers are sent to the POS devices",FR,Functional,0.5
REQ_00044,P002,Electronic Purse System,DS002,"Share one or more MAC keys with connecting processors,create a MAC on each transmission sent to another processor,and verify the MAC on each transmission received from another processor",FR,Functional,0.5
REQ_00045,P002,Electronic Purse System,DS002,Send transactions to other processors in a standard format defined in agreement with the scheme provider,FR,Functional,0.5
REQ_00046,P002,Electronic Purse System,DS002,"If a supported scheme provider has a dispute resolution process,participate in that dispute resolution process with connecting processors to resolve any issues related to invalid transactions. These resolution processes should include a mechanism for repayment of funds associated with invalid transactions",FR,Functional,0.2
REQ_00047,P002,Electronic Purse System,DS002,"The scheme provider must ensure that the entire process between merchants,merchant acquirers,card issuers,and processors is auditable and reconcilable",FR,Functional,0.5
REQ_00048,P002,Electronic Purse System,DS002,"If errors in the card issuer MAC are discovered by the card issuer during its processing of the transactions,a dispute mechanism,established by the scheme provider,may be used to have money refunded",FR,Functional,0.5
REQ_00049,P002,Electronic Purse System,DS002,"If a scheme provider establishes a central error repository,all transactions for the scheme with MAC errors must be sent to that central error repository whether or not they are submitted to the dispute process",FR,Functional,0.5
REQ_00050,P002,Electronic Purse System,DS002,"Payment for a transaction is only required when a detail transaction is submitted for payment,A merchant acquirer may choose to pay the merchant using the batch total",FR,Functional,0.5
REQ_00051,P002,Electronic Purse System,DS002,The timing of payment to the merchant must be established between the merchant and the merchant acquirer,FR,Functional,0.5
REQ_00052,P002,Electronic Purse System,DS002,"A purchase transaction may be reversed,prior to the removal of the CEP card from the POS device,by sending a purchase reversal command to the CEP card,The CEP card must authenticate the PSAM using certificates previously exchanged",FR,Functional,0.5
REQ_00053,P002,Electronic Purse System,DS002,The amount to be reversed is the amount of the last step of the transaction. The reversal command sent to the CEP card contains a S2 MAC computed by the PSAM,FR,Functional,0.5
REQ_00054,P002,Electronic Purse System,DS002,"The PSAM in the POS device generates a merchant acquirer S5 MAC for the transaction,computes a new S4 MAC on the updated batch total count and amount,and logs the transaction",FR,Functional,0.5
REQ_00055,P002,Electronic Purse System,DS002,"The CEP card authenticates the PSAM using the certificates previously received and the S2,The CEP card increments the value of the purse and logs the transaction",FR,Functional,0.5
REQ_00056,P002,Electronic Purse System,DS002,The CEP card sends a response to the reversal command to the POS device. The reversal is considered to be successful even in the event of a negative response or no response from the CEP card,FR,Functional,0.5
REQ_00057,P002,Electronic Purse System,DS002,"After the CEP card is inserted in the POS device,the POS device initiates the cancel last purchase transaction",FR,Functional,0.5
REQ_00058,P002,Electronic Purse System,DS002,"If the POS device supports multiple applications or multiple transaction types,an interaction between the terminal and consumer or sales agent determines the CEP application and the function to be performed (cancel last purchase transaction)",FR,Functional,0.5
REQ_00059,P002,Electronic Purse System,DS002,"The CEP card verifies that the PSAM is the PSAM used in the original transaction,computes a S1 MAC using the same DES session key that was used for the purchase transaction being cancelled,and responds to the POS device with the S1 and the identification of the last transaction. If the purchase transaction to be canceled has been canceled or is not part of the active batch,the command is not allowed",FR,Functional,0.5
REQ_00060,P002,Electronic Purse System,DS002,The PSAM either retrieves or re-derives the DES session key used for the purchase transaction being cancelled. The POS device authenticates the CEP card using this key and the S1 MAC,FR,Functional,0.5
REQ_00061,P002,Electronic Purse System,DS002,The PSAM in the POS device generates a merchant acquirer S5 MAC for the transaction and a new S4 MAC for the batch total count and amount and logs the transaction. The amount of the canceled last purchase transaction is subtracted from the header amount. The transaction is kept in a data store associated with the POS device until the merchant acquirer collects it,FR,Functional,0.5
REQ_00062,P002,Electronic Purse System,DS002,"A credit command,which contains the S2 MAC computed by the PSAM using the session key,is sent to the CEP card",FR,Functional,0.5
REQ_00063,P002,Electronic Purse System,DS002,The CEP card authenticates the terminal using the S2 MAC and the session key from the purchase transaction being cancelled. The CEP card increments the value of the purse and logs the transaction. The CEP card verifies that the cancellation amount is equal to the amount of the last step of the purchase transaction,FR,Functional,0.5
REQ_00064,P002,Electronic Purse System,DS002,A transaction collection process must exist. Data being transmitted from the POS devices must be transmitted in a manner that ensures integrity of the data,FR,Functional,0.5
REQ_00065,P002,Electronic Purse System,DS002,The batch is sent to the merchant acquirer. Delivery may involve transmission to multiple intermediate locations or it may be direct to the merchant acquirer,FR,Functional,0.5
REQ_00066,P002,Electronic Purse System,DS002,The merchant acquirer validates the batch to ensure that it has been transmitted correctly and enters it into the log,FR,Functional,0.5
REQ_00067,P002,Electronic Purse System,DS002,"If the business rules allow this transaction is to be aggregated,the PSAM must determine if it has an aggregation record for the card issuer. If the PSAM does not have an aggregation record for the card issuer,a new aggregation record for the card issuer must be created",FR,Functional,0.5
REQ_00068,P002,Electronic Purse System,DS002,The aggregated totals by card issuer must be transmitted to the merchant acquirer at the same time and manner as the non-aggregated detail transactions in the batch,FR,Functional,0.5
REQ_00069,P002,Electronic Purse System,DS002,"Each POS transaction completed at the POS device is given a S5 MAC by the PSAM,which is used by the merchant acquirer to validate that the transactions were made at a POS device with a valid PSAM. The batch total count and amount must be protected by the S4 MAC,which must also be validated by the merchant acquirer",FR,Functional,0.5
REQ_00070,P002,Electronic Purse System,DS002,"The merchant acquirer validates the PSAM??s MACs prior to accepting the POS transactions for payment. In addition,selected data elements are validated to ensure correct processing by the POS device and its PSAM",FR,Functional,0.5
REQ_00071,P002,Electronic Purse System,DS002,"Each purchase transaction is signed by the CEP card with a S6 MAC,which is used by the card issuer to validate that the transaction was made with a legitimate,not counterfeit,CEP card. The card issuer validates the CEP card??s MAC",FR,Functional,0.5
REQ_00072,P002,Electronic Purse System,DS002,"Payment decisions are based on signature validations,scheme provider rules,and merchant and merchant acquirer agreements",FR,Functional,0.5
REQ_00073,P002,Electronic Purse System,DS002,"After investigation,if the merchant acquirer decides,based on scheme rules,to accept the transactions,a method must exist to settle them and forward them to the card issuer",FR,Functional,0.5
REQ_00074,P002,Electronic Purse System,DS002,"A transaction that passes merchant acquirer validations and is forwarded to the card issuer is paid for by the card issuer. If the transaction does not pass card issuer validations,the card issuer may follow the scheme provider??s dispute procedures",FR,Functional,0.5
REQ_00075,P002,Electronic Purse System,DS002,"Pay on detail is the default payment arrangement for merchant acquirers to provide payment to their merchants. In this arrangement,the merchant acquirer relies on the POS transaction S5 MAC to determine acceptance. Merchants are paid only for valid POS transactions",FR,Functional,0.5
REQ_00076,P002,Electronic Purse System,DS002,POS transactions that were rejected for payment by the merchant acquirer are flagged with an error code indicating the type of validation failure and are forwarded to the card issuer for CEP card history information only,NFR,Reliability,0.5
REQ_00077,P002,Electronic Purse System,DS002,All load transactions are on-line transactions. Authorization of funds for load transactions must require a form of cardholder verification. The load device must support on-line encrypted PIN or off-line PIN verification,FR,Functional,0.5
REQ_00078,P002,Electronic Purse System,DS002,Off-line PIN verification must include both encrypted and unencrypted PIN,FR,Functional,0.5
REQ_00079,P002,Electronic Purse System,DS002,The card verification method indicator (CVMI) in the CEP card must specify support of online PIN verification and at least one method of off-line PIN verification (encrypted or unencrypted),FR,Functional,0.5
REQ_00080,P002,Electronic Purse System,DS002,"Since these transactions are on-line to the issuer,the issuer has the opportunity to lock the card or the application. These transactions are not available to a card that has already been locked",FR,Functional,0.5
REQ_00081,P002,Electronic Purse System,DS002,Card issuers must inform their cardholders as to which currencies they support in electronic purses,FR,Functional,0.5
REQ_00082,P002,Electronic Purse System,DS002,Load acquirers must determine the currencies that they must support for load transaction,FR,Functional,0.5
REQ_00083,P002,Electronic Purse System,DS002,"The CEP application must contain data that indicates the presence of a linked financial institution. If a linked financial institution is established for the CEP application,then linked loads must be allowed and data in the application must indicate whether linked loads are supported",FR,Functional,0.5
REQ_00084,P002,Electronic Purse System,DS002,"Flexibility is required to accommodate the variety of environments where unlinked loads may be implemented. As a result,the design specification must not preclude dual-leg transactions** from taking place either sequentially or in parallel. The design of a given implementation will vary depending on the device,host,and network capabilities",FR,Functional,0.5
REQ_00085,P002,Electronic Purse System,DS002,"Unload and currency exchange transactions are optional for CEP card issuers. The CEP card must indicate whether the card issuer supports these transactions. However,if a card issuer issues multi-currency capable cards,it must provide its cardholder with a facility to remove any remaining value. As a result,if a card issuer supports loading of multiple currencies onto a card,then it must support the unload or currency exchange transaction or both",FR,Functional,0.5
REQ_00086,P002,Electronic Purse System,DS002,The card issuer must establish its policies for assigning and adjusting slot maximum balances. These policies may require the card issuer to maintain a card database,FR,Functional,0.5
REQ_00087,P002,Electronic Purse System,DS002,"Currency exchange rate fluctuations may increase the card issuers liability. The card issuer must be able to adjust maximum balances to bring them in line with their policies. The card issuer may update the maximum balances as part of a load,a partial unload,and a currency exchange transaction. On a currency exchange transaction,only the ??to? currency maximum balance may be updated",FR,Functional,0.5
REQ_00088,P002,Electronic Purse System,DS002,"A CEP card may contain currencies that the load acquirer does not support. As a result,load devices must use the alphabetic issuer-supplied currency code and currency exponent from the CEP slot(s) to display the source amounts for the currency conversion transaction",FR,Functional,0.5
REQ_00089,P002,Electronic Purse System,DS002,Card issuers must provide an alphabetic currency code in each message that establishes a new currency. This alphabetic currency code and the currency exponent will be used by the load device to display currency balances. This allows the cardholder to identify the currency being displayed,FR,Functional,0.5
REQ_00090,P002,Electronic Purse System,DS002,"Script messages that conform to EMV specifications may be included as part of load,unload and currency exchange messages from the card issuer to the CEP card. An update key must be used when card parameters are changed. Script messages may be sent to the CEP card either before or after the credit for load,debit of unload and currency exchange commands",FR,Functional,0.5
REQ_00091,P002,Electronic Purse System,DS002,All on-line messages must have the ability to include card issuer discretionary data from the CEP card,FR,Functional,0.5
REQ_00092,P002,Electronic Purse System,DS002,The card issuer must notify the cardholder if the assessment of service fees by the card issuer during the currency exchange transaction may result in a balance of zero after the transaction has completed,FR,Functional,0.5
REQ_00093,P002,Electronic Purse System,DS002,The card issuer must have the ability to deactivate a CEP application in the response to a load or currency exchange transaction,FR,Functional,0.5
REQ_00094,P002,Electronic Purse System,DS002,"The CEP card may support multiple currencies. Each currency occupies a ??slot? within the CEP. The slots are defined by the currency supported. The currency for an individual slot is determined during load or currency exchange. Currency exchange could apply to a single slot,and then only for the total balance",FR,Functional,0.5
REQ_00095,P002,Electronic Purse System,DS002,"It is a card issuer??s decision to determine the currencies that are allowed to occupy slots in the CEP card. This decision is made by the card issuer during the load or currency exchange transaction,by approving or rejecting the request to authorize the transaction",FR,Functional,0.5
REQ_00096,P002,Electronic Purse System,DS002,A single currency cannot occupy more than one slot. The CEP card must not permit a slot to be assigned a currency if another slot in the CEP card has already been assigned to that currency,FR,Functional,0.5
REQ_00097,P002,Electronic Purse System,DS002,"The CEP card limits each slot to a maximum balance. The maximum balance for a slot is established when a currency is assigned to the slot,and is determined externally by the card issuer or by CEP card data which indicates a maximum balance in a reference currency. There is no requirement that all slot maximums have the same relative value,and there is no requirement for the card to maintain a maximum total value",FR,Functional,0.5
REQ_00098,P002,Electronic Purse System,DS002,Only one version of the CA public key is required in the card. This requires that the PSAMs with which the CEP card exchanges cryptograms must be capable of generating and validating cryptograms using the relevant keys from all current cards,FR,Functional,0.5
REQ_00099,P002,Electronic Purse System,DS002,"Two-way,or mutual,authentication,where the card authenticates the terminal and the terminal authenticates the card for each transaction,must be performed for off-line transactions",FR,Functional,0.5
REQ_00100,P002,Electronic Purse System,DS002,"For increased security and convenience,asymmetric cryptography must be used as the authentication security for off-line transactions",FR,Functional,0.5
REQ_00101,P002,Electronic Purse System,DS002,"The card must authenticate the terminal at the point of sale,ensuring that it is genuine and valid,and use a two-way authentication process",FR,Functional,0.5
REQ_00102,P002,Electronic Purse System,DS002,"The terminal must authenticate the card and the transaction at the point of sale,ensuring that they are genuine and valid",FR,Functional,0.5
REQ_00103,P002,Electronic Purse System,DS002,The terminal must participate in a two-way authentication process with the card,FR,Functional,0.5
REQ_00104,P002,Electronic Purse System,DS002,"For cancel last purchase transactions,the terminal must validate the card and sign the cancellation",FR,Functional,0.5
REQ_00105,P002,Electronic Purse System,DS002,The terminal must secure transactions by retaining the card??s symmetric MACing key signature as part of the transaction,FR,Functional,0.5
REQ_00106,P002,Electronic Purse System,DS002,The terminal must generate a symmetric MACing key signature and send it to the merchant acquirer,FR,Functional,0.5
REQ_00107,P002,Electronic Purse System,DS002,"Incremental purchase transactions must use two-way authentication for the initial session authentication,and at least one-way,with the terminal authenticating the card,for the remaining increments or some of the remaining increments",FR,Functional,0.5
REQ_00108,P002,Electronic Purse System,DS002,Load and unload functions must be authenticated using end-to-end security between the card and the card issuer,FR,Functional,0.5
REQ_00109,P002,Electronic Purse System,DS002,The issuer host must authenticate the card upon the load/unload request,FR,Functional,0.5
REQ_00110,P002,Electronic Purse System,DS002,The card must authenticate the issuer host upon the response to the request,FR,Functional,0.5
REQ_00111,P002,Electronic Purse System,DS002,A proof must be sent to the load acquirer that a load or unload occurred to avoid repudiation,FR,Functional,0.5
REQ_00112,P002,Electronic Purse System,DS002,"The management of keys must be accomplished in a secure,certified environment",FR,Functional,0.5
REQ_00113,P002,Electronic Purse System,DS002,"There may be multiple certification authorities that manage keys for the system,including the possibility of one overall highest level certification authority (perhaps on an international level),and domestic certification authorities for each country or region",FR,Functional,0.5
REQ_00114,P002,Electronic Purse System,DS002,"The system must protect the integrity of key transaction data including transaction identification,currency code and amount. If tampering is suspected,the system must cause the transaction to fail",FR,Functional,0.5
REQ_00115,P002,Electronic Purse System,DS002,Expired cards must not be used for loading electronic value,FR,Functional,0.5
REQ_00116,P002,Electronic Purse System,DS002,"The time period during which a cardholder can unload electronic value,perform a purchase or a currency exchange from an expired card may be determined by each issuer",FR,Functional,0.5
REQ_00117,P002,Electronic Purse System,DS002,"Consumers must be able to load electronic value to their cards at any participating load device,regardless of the location,provided that the currency that is requested is supported by the acquirer and the card issuer",FR,Functional,0.5
REQ_00118,P002,Electronic Purse System,DS002,"Funds issuers must accept funds authorization requests,regardless of the load currency type,as permitted",FR,Functional,0.5
REQ_00119,P002,Electronic Purse System,DS002,Load devices that are available to the general public should support multiple sources of funding and support both linked and unlinked loads,FR,Functional,0.2
REQ_00120,P002,Electronic Purse System,DS002,Authorizations for load transactions require a form of cardholder authentication for funds requests,NFR,Security,0.5
REQ_00121,P002,Electronic Purse System,DS002,The load device must support on-line PIN encryption or off-line PIN verification,FR,Functional,0.5
REQ_00122,P002,Electronic Purse System,DS002,The load device which supports only off-line PIN verification must support both the off-line PIN encryption method and the off-line PIN plain text verification method as defined in EMV,FR,Functional,0.5
REQ_00123,P002,Electronic Purse System,DS002,"Unload transactions do not require cardholder authentication. (However,an acquirer??s devices may be configured such that authentication is required for access.)",NFR,Security,0.5
REQ_00124,P002,Electronic Purse System,DS002,The architecture for the electronic purse should not preclude the eventual deployment of a variety of devices to meet the needs of many card acceptance environments. Unload must not be precluded from being supported on any or all of these devices at the option of the acquirer,FR,Functional,0.2
REQ_00001,P003,Card Payment System,DS003,All applications under the GlobalPlatform shall be implemented in a hardware-neutral secure runtime environment,FR,Functional,0.8
REQ_00002,P003,Card Payment System,DS003,The run time environment shall be responsible to separate secure storage for the application code and data,FR,Functional,0.8
REQ_00003,P003,Card Payment System,DS003,The run time environment shall responsible to establish communication services between card and off-card entities,FR,Functional,0.8
REQ_00004,P003,Card Payment System,DS003,Security domain shall ensure complete seperation of keys among the card issuers and other application providers,FR,Functional,0.8
REQ_00005,P003,Card Payment System,DS003,"Security Domains shall support security services such as key handling, encryption, decryption, digital signature generation and verification for their providers' such as card issuer, applicaiton providers and controlling authority",FR,Functional,0.8
REQ_00006,P003,Card Payment System,DS003,"The GlobalPlatform Environment(OPEN) shall responsible for to provide an API to applications,command dispatch, Application selection, (optional) logical channel management, and Card Content management",FR,Functional,0.8
REQ_00007,P003,Card Payment System,DS003,"The OPEN shall responsible to load application code, card content and memory management",NFR,Performance,1
REQ_00008,P003,Card Payment System,DS003,The OPEN shall responsible to enforce security principles defined for Card Content management.,FR,Functional,0.8
REQ_00009,P003,Card Payment System,DS003,"The OPEN shall own the GlobalPlatform register that contains information for managing the card, Executable Load Files,Applications, Security Domain associations, and privileges.",FR,Functional,0.8
REQ_00010,P003,Card Payment System,DS003,The GlobalPlatform API shall provides services to the application such as card verification and security services,FR,Functional,0.8
REQ_00011,P003,Card Payment System,DS003,The GlobalPlatform API shall provides services to the card content management such as card locking and application life cycle state update,FR,Functional,0.8
REQ_00012,P003,Card Payment System,DS003,"The primary goal of the GlobalPlatform is to ensure the security and integrity of the card's components for the life of the card. These components are The runtime environment,The OPEN,The Issuer Security Domain,Supplementary Security Domains, The Applications.",NFR,Security,0.5
REQ_00013,P003,Card Payment System,DS003,"To ensure card security and integrity, the GlobalPlatform is designed to support a range of secure mechanisms for: Data integrity, Resource availability, Confidentiality, Authentication.",NFR,Security,0.5
REQ_00014,P003,Card Payment System,DS003,"The Card Issuer is responsible for Generating and loading the Issuer Security Domain keys,",NFR,Security,0.5
REQ_00015,P003,Card Payment System,DS003,"The Card Issuer is responsible for Enforcing standards and policies for Application Providers governing all aspects of Applications to be provided to the Card Issuer or operated on the Card Issuer's cards,",FR,Functional,0.5
REQ_00016,P003,Card Payment System,DS003,"The Card Issuer is responsible for Working with Application Providers to create and initialize Security Domains other than the Issuer Security Domain,",FR,Functional,0.5
REQ_00017,P003,Card Payment System,DS003,"The Card Issuer is responsible for Determining policy with regards to card and Application Life Cycle management, velocity checking levels, privileges, and other security parameters,",NFR,Security,0.5
REQ_00018,P003,Card Payment System,DS003,The Card Issuer is responsible for Managing the application code loading and installing both on a Pre-Issuance and Post-Issuance basis,FR,Functional,0.5
REQ_00019,P003,Card Payment System,DS003,"The Card Issuer is responsible for Cryptographically authorizing load, install, and extradition to be performed by Application Providers.",FR,Functional,0.5
REQ_00020,P003,Card Payment System,DS003,"The Application Provider is responsible for Generating the keys for its own Security Domains or obtaining Security Domain keys from a trusted third party,",FR,Functional,0.5
REQ_00021,P003,Card Payment System,DS003,"The Application Provider is responsible for Working with the Card Issuer to load generated keys into the Application Provider's Security Domain,",FR,Functional,0.5
REQ_00022,P003,Card Payment System,DS003,"The Application Provider is responsible for Providing applications that meet the Card Issuer's security standards and policies,",FR,Functional,0.5
REQ_00023,P003,Card Payment System,DS003,"The Application Provider is responsible for Providing load file data block signatures according to its own security policy for integrity and source authenticity,",FR,Functional,0.5
REQ_00024,P003,Card Payment System,DS003,"The Application Provider is responsible for Obtaining pre-authorization for load, install, and extradition from the Card Issuer,",FR,Functional,0.5
REQ_00025,P003,Card Payment System,DS003,"The Application Provider is responsible for Returning receipts for load, install, delete, and extradition, according to the Card Issuer's policy.",FR,Functional,0.5
REQ_00026,P003,Card Payment System,DS003,"A Controlling Authority is responsible for Generating the keys for its own Security Domain or obtaining Security Domain keys from a trusted third party,",NFR,Security,0.5
REQ_00027,P003,Card Payment System,DS003,"A Controlling Authority is responsible for Working with the Card Issuer to load generated keys into the Controlling Authority's Security Domain,",NFR,Security,0.5
REQ_00028,P003,Card Payment System,DS003,A Controlling Authority is responsible for Providing load file data block signatures according to its own security policy for integrity and source authenticity.,NFR,Security,0.5
REQ_00029,P003,Card Payment System,DS003,"The runtime environment is responsible for Providing an interface to all Applications that ensures that the runtime environment security mechanisms cannot be bypassed, deactivated, corrupted or otherwise circumvented,",NFR,Security,0.5
REQ_00030,P003,Card Payment System,DS003,The runtime environment is responsible for Performing secure memory management,NFR,Performance,0.7
REQ_00031,P003,Card Payment System,DS003,"Secure memory management shall ensure that Each application's code and data (including transient session data) as well as the runtime environment itself and its data (including transient session data) is protected from unauthorized access from within the card,",NFR,Performance,1
REQ_00032,P003,Card Payment System,DS003,"Secure memory management shall ensure that When more than one logical channel is supported, each concurrently selected Application's code and data (including transient session data) as well as the runtime environment itself and its data (including transient session data) is protected from unauthorized access from within the card,",NFR,Performance,1
REQ_00033,P003,Card Payment System,DS003,"Secure memory management shall ensure that The previous contents of the memory is not accessible when that memory is reused,",NFR,Performance,1
REQ_00034,P003,Card Payment System,DS003,"Secure memory management shall ensure that The memory recovery process is secure and consistent in case of a loss of power or withdrawal of the card from the card reader while an operation is in progress,",NFR,Performance,1
REQ_00035,P003,Card Payment System,DS003,The runtime environment is responsible for Providing communication services with off-card entities that ensures the proper transmission (according to the specific communication protocol rules) of unaltered command and response messages.,FR,Functional,0.5
REQ_00036,P003,Card Payment System,DS003,"Each Trusted Framework present on the card shall Check the application access rules of the inter-acting Applications according to their respective privileges,",FR,Functional,0.8
REQ_00037,P003,Card Payment System,DS003,"Each Trusted Framework present on the card shall Enforce the Trusted Framework security rules for inter-application communication, including the rules, defined in appendix G,",FR,Functional,0.8
REQ_00038,P003,Card Payment System,DS003,"Each Trusted Framework present on the card shall Ensure that incoming messages are properly routed unaltered to their intended destinations,",FR,Functional,0.8
REQ_00039,P003,Card Payment System,DS003,Each Trusted Framework present on the card shall Ensure that any response messages are properly returned unaltered (except for any cryptographic protection) to the original receiver of the incoming message.,FR,Functional,0.8
REQ_00040,P003,Card Payment System,DS003,"The OPEN shall Provide an interface to all Applications that ensures that the GlobalPlatform security mechanism cannot be bypassed, deactivated, corrupted or otherwise circumvented,",FR,Functional,0.8
REQ_00041,P003,Card Payment System,DS003,"The OPEN shall Check application access rules according to the Applications' privileges,",FR,Functional,0.8
REQ_00042,P003,Card Payment System,DS003,The OPEN shall Manage card and Application Life Cycle,FR,Functional,0.8
REQ_00043,P003,Card Payment System,DS003,"The OPEN shall Ensure that the Card Content changes are authorized by the Card Issuer,",FR,Functional,0.8
REQ_00044,P003,Card Payment System,DS003,"The OPEN shall Ensure that application code has been signed by the Controlling Authority represented on the card,",FR,Functional,0.8
REQ_00045,P003,Card Payment System,DS003,"The OPEN shall Ensure that application code has been signed by Application Providers represented on the card, if required.",FR,Functional,0.8
REQ_00046,P003,Card Payment System,DS003,Security Domains enforce the security policies of their off-card Security Domain Provider.,FR,Functional,0.5
REQ_00047,P003,Card Payment System,DS003,"When applicable a Security Domain shall Communicate with off-card entities in accordance with its Security Domain Provider's security policy in Pre-Issuance and Post-Issuance,",FR,Functional,0.8
REQ_00048,P003,Card Payment System,DS003,"When applicable a Security Domain shall Manage on-card data securely,",FR,Functional,0.8
REQ_00049,P003,Card Payment System,DS003,"When applicable a Security Domain shall Provide cryptographic protection services for its own Applications during their personalization and optionally during their subsequent operation,",FR,Functional,0.8
REQ_00050,P003,Card Payment System,DS003,"When applicable a Security Domain shall Request the OPEN to load, install, extradite, and delete card content,",FR,Functional,0.8
REQ_00051,P003,Card Payment System,DS003,"When applicable a Security Domain shall Return to the off-card entity any receipt for load, install, extradition, and delete,",FR,Functional,0.8
REQ_00052,P003,Card Payment System,DS003,"When applicable a Security Domain shall Verify the authorization for Card Content changes initiated by an off-card authority,",FR,Functional,0.8
REQ_00053,P003,Card Payment System,DS003,"When applicable a Security Domain shall Generate receipts for load, install, extradition, and delete,",FR,Functional,0.8
REQ_00054,P003,Card Payment System,DS003,When applicable a Security Domain shall Verify the load file data block signature when requested by the OPEN.,FR,Functional,0.8
REQ_00055,P003,Card Payment System,DS003,"A Global Services Application shall Be able to provide services to other Applications, such as CVM services,",FR,Functional,0.8
REQ_00056,P003,Card Payment System,DS003,"A Global Services Application shall Hold the Global Services application-related data securely,",FR,Functional,0.8
REQ_00057,P003,Card Payment System,DS003,A Global Services Application shall Perform internal security measures as required by the service.,FR,Functional,0.8
REQ_00058,P003,Card Payment System,DS003,Applications should Expose only data and resources that are necessary for proper application functionality,FR,Functional,0.2
REQ_00059,P003,Card Payment System,DS003,Applications should Perform internal security measures required by the Application Provider,FR,Functional,0.2
REQ_00060,P003,Card Payment System,DS003,"The back-end systems (multiple back-end systems may exist for a single card), which communicate with the cards, perform the verifications, and manage the off-card key databases, also shall be trusted.",FR,Functional,0.8
REQ_00061,P003,Card Payment System,DS003,"One of the major requirements for a GlobalPlatform card is the ability to provide a minimum level of cryptographic functionality. This cryptography is, for example, used for the generation of signatures, and is available for use by the Applications present on the card.",FR,Functional,0.5
REQ_00062,P003,Card Payment System,DS003,The Issuer Security Domain shall implement one Secure Channel Protocol.,FR,Functional,0.8
REQ_00063,P003,Card Payment System,DS003,A Security Domain other than the Issuer Security Domain shall implement [at least] one Secure Channel Protocol.,FR,Functional,0.8
REQ_00064,P003,Card Payment System,DS003,A GlobalPlatform card should support symmetric cryptography such as the Data Encryption Standard (DES) algorithm.,FR,Functional,0.2
REQ_00065,P003,Card Payment System,DS003,A GlobalPlatform card may also support asymmetric cryptography such as the Rivest / Shamir / Adleman (RSA) algorithm.,FR,Functional,0.5
REQ_00066,P003,Card Payment System,DS003,"When present, services to encrypt and decrypt any pattern of data using these algorithms shall be available to Applications.",FR,Functional,0.8
REQ_00067,P003,Card Payment System,DS003,It is the responsibility of the Card Issuer or the Controlling Authority to set up the appropriate off-card procedures to comply with the governmental restrictions upon cryptography. Features to disable or restrict cryptography usage by Applications on a card are beyond the scope of this Specification.,FR,Functional,0.5
REQ_00068,P003,Card Payment System,DS003,The Load File Data Block Hash is intended to verify the integrity of a complete Load File Data Block when loaded to a GlobalPlatform card.,FR,Functional,0.5
REQ_00069,P003,Card Payment System,DS003,The Load File Data Block Hash is used in the computation of The Load File Data Block Signature,FR,Functional,0.5
REQ_00070,P003,Card Payment System,DS003,The Load File Data Block Hash is used in the computation of The Load Token,FR,Functional,0.5
REQ_00071,P003,Card Payment System,DS003,"When present during the loading of a Load File to the card, each signature shall be verified by the appropriate Security Domain.",FR,Functional,0.8
REQ_00072,P003,Card Payment System,DS003,Tokens shall be verified by the appropriate Security Domain.,FR,Functional,0.8
REQ_00073,P003,Card Payment System,DS003,The appropriate Security Domain may generate Receipts during Delegated Management.,NFR,Security,0.5
REQ_00074,P003,Card Payment System,DS003,A GlobalPlatform card may provide security services related to information exchanged between the card and an offcard entity.,FR,Functional,0.5
REQ_00075,P003,Card Payment System,DS003,The security level of the communication with an off-card entity does not necessarily apply to each individual message being transmitted but can only apply to the environment and/or context in which messages are transmitted.,NFR,Security,0.5
REQ_00076,P003,Card Payment System,DS003,The concept of the Life Cycle of the card (see section 5.1 - Card Life Cycle) may be used to determine the security level of the communication between the card and an off-card entity.,NFR,Security,0.5
REQ_00077,P003,Card Payment System,DS003,"A GlobalPlatform card offers Entity authentication - in which the card or the off-card entity proves its authenticity to the other entity through a cryptographic exchange,",NFR,Security,0.5
REQ_00078,P003,Card Payment System,DS003,"A GlobalPlatform card offers Integrity and authentication - in which the receiving entity (the card or off-card entity) ensures that the data being received from the sending entity (respectively the off-card entity or card) actually came from an authenticated entity in the correct sequence and has not been altered,",NFR,Security,0.5
REQ_00079,P003,Card Payment System,DS003,A GlobalPlatform card offers Confidentiality - in which data being transmitted from the sending entity (the off-card entity or card) to the receiving entity (respectively the card or off-card entity) is not viewable by an unauthenticated entity.,FR,Functional,0.5
REQ_00080,P003,Card Payment System,DS003,"The life cycle models is responsible to functionality and security of Card, Executable Load Files, Executable Modules, Security Domains, and Applications.",NFR,Security,0.5
REQ_00081,P003,Card Payment System,DS003,The OPEN shall owns and maintains the Life Cycle information within the GlobalPlatform Registry,FR,Functional,0.8
REQ_00082,P003,Card Payment System,DS003,The OPEN shall be responsible to maintain security and administration of the card and its content,FR,Functional,0.8
REQ_00083,P003,Card Payment System,DS003,"At OP_READY state, the OPEN shall be available and ready for execution",FR,Functional,0.8
REQ_00084,P003,Card Payment System,DS003,"At OP_READY state, the runtime environment shall be ready for execution",FR,Functional,0.8
REQ_00085,P003,Card Payment System,DS003,"At OP_READY state, issuer security domain shall be implicitly selected application for all card interfaces",FR,Functional,0.8
REQ_00086,P003,Card Payment System,DS003,"At OP_READY state,Executable Load Files that were included in Immutable Persistent Memory shall be registered in the GlobalPlatform Registry",NFR,Performance,1
REQ_00087,P003,Card Payment System,DS003,"At OP_READY, initial key shall be available within the issuer security domain",FR,Functional,0.8
REQ_00088,P003,Card Payment System,DS003,The off-card entity under the OP_READY state may insert Security Domain keys in order to maintain a cryptographic key separation from the Issuer Security Domain keys,NFR,Security,0.5
REQ_00089,P003,Card Payment System,DS003,The SECURED state may be used to enforce the relevant security policies of the security domain and applications,NFR,Security,0.5
REQ_00090,P003,Card Payment System,DS003,The off-card entity under the SECURE state shall be used to ensure the availability of all keys by the issuer security domain,FR,Functional,0.8
REQ_00091,P003,Card Payment System,DS003,The CARD_LOCKED state shall has the ability to disable the selected security domain and application,FR,Functional,0.8
REQ_00092,P003,Card Payment System,DS003,The card under CARD_LOCKED state shall only allow the application to select the final application privilege,FR,Functional,0.8
REQ_00093,P003,Card Payment System,DS003,The Card Content changes including any type of data management (specifically Security Domain keys and data) shall not allowed in the CARD_LOCKED state.,FR,Functional,0.8
REQ_00094,P003,Card Payment System,DS003,The state TERMINATED shall be used to permanently disable all card functionality with respect to any card content management and any life cycle changes.,FR,Functional,0.8
REQ_00095,P003,Card Payment System,DS003,"The GlobalPlatform Environment (OPEN) supports Command Dispatch functions (Application and Security Domain selection, (Optional) Logical channel management, Command dispatching) if the underlying runtime environment does not support them:",NFR,Security,0.5
REQ_00096,P003,Card Payment System,DS003,"The GlobalPlatform Environment (OPEN) supports Card Content Management functions (Content verification, Content loading, Content installation, Content removal, Access control rules for card content management) if the underlying runtime environment does not support them:",NFR,Security,0.5
REQ_00097,P003,Card Payment System,DS003,"The GlobalPlatform Environment (OPEN) supports Security Management functions (Security Domain locking and unlocking, Application locking and unlocking, Card locking and unlocking, Card termination, Privilege usage, Security Domain, privilege usage, Tracing and event logging) if the underlying runtime environment does not support them:",NFR,Security,0.5
REQ_00098,P003,Card Payment System,DS003,The GlobalPlatform Environment (OPEN) supports GlobalPlatform Trusted Framework functions (Secure inter-application communication) if the underlying runtime environment does not support them:,FR,Functional,0.5
REQ_00099,P003,Card Payment System,DS003,The GlobalPlatform Registry is a data store required to support the various system functions of the GlobalPlatform.,FR,Functional,0.5
REQ_00100,P003,Card Payment System,DS003,Applications and Security Domains may access andor modify some content known or managed by the OPEN.,NFR,Security,0.5
REQ_00101,P003,Card Payment System,DS003,"Depending on the relevant privileges of the requesting entity, the following services shall be provided by the OPEN Retrieving the Applications own Life Cycle State stored by the OPEN in the GlobalPlatform Registry, Retrieving the card Life Cycle State, Obtaining access to the services of the Security Domain associated with the Application, Transitioning the card Life Cycle State to CARD_LOCKED, For contact cards according to ISOIEC 78164 and for contactless cards Type A according to ISOIEC 144433, setting the content of the historical bytes, Transitioning the Applications own Application Life Cycle State stored by the OPEN in the GlobalPlatform Registry, Transitioning the card Life Cycle State to TERMINATED, Obtaining access to GlobalPlatform Registry information, Obtaining access to Global Services Applications.",FR,Functional,0.8
REQ_00102,P003,Card Payment System,DS003,The commands received by a GlobalPlatform card shall be processed by the OPEN or dispatched to the selected Application for processing.,FR,Functional,0.8
REQ_00103,P003,Card Payment System,DS003,The SELECT [by name] command is processed by the OPEN.,FR,Functional,0.5
REQ_00104,P003,Card Payment System,DS003,"If the card is aware of logical channels but only supports the Basic Logical Channel, the OPEN shall respond with the appropriate error,",FR,Functional,0.8
REQ_00105,P003,Card Payment System,DS003,"If the card is aware of logical channels and supports at least one Supplementary Logical Channel, the OPEN shall process the command,",FR,Functional,0.8
REQ_00106,P003,Card Payment System,DS003,"If the card only supports the Basic Logical Channel and has no concept of logical channel support, the command shall be dispatched to the selected Application for processing.",FR,Functional,0.8
REQ_00107,P003,Card Payment System,DS003,Any other type of command received shall be dispatched to the currently selected Application.,FR,Functional,0.8
REQ_00108,P003,Card Payment System,DS003,"Commands are either received on the Basic Logical Channel (logical channel number zero) or on a Supplementary Logical Channel (logical channel number other than zero). In compliance with ISO/IEC 7816-4, logical channel information shall be indicated in the class byte of the APDU command header.",NFR,Performance,1
REQ_00109,P003,Card Payment System,DS003,"For all commands, if the command indicates a Supplementary Logical Channel that is not opened then: If the card only supports the Basic Logical Channel and has no concept of logical channel support, the command shall be dispatched to the selected Application for processing. If the card is aware of logical channels, the OPEN shall respond with the appropriate error. (This requirement may exclude the SELECT command, if the card supports opening of a logical channel using the SELECT command.)",FR,Functional,0.8
REQ_00110,P003,Card Payment System,DS003,"For commands that are dispatched to an Application, it is the responsibility of the Application to correctly reject commands that it does not recognize, expect or cannot process.",FR,Functional,0.5
REQ_00111,P003,Card Payment System,DS003,The Issuer Security Domain shall have no multi-selection restrictions on cards that support multiple logical channels i.e. it shall be capable of being selected across multiple logical channels.,FR,Functional,0.8
REQ_00112,P003,Card Payment System,DS003,The Issuer Security Domain is by default the implicitly selectable Application on all logical channels of all card I/O interfaces supported by the card. Implicit selection on a specific logical channel of a specific card I/O interface may be assigned only if the Issuer Security Domain is the implicitly selectable Application on that logical channel of that card I/O interface and no other Locked Application is registered as implicitly selectable for the same logical channel and card I/O interface,NFR,Security,0.5
REQ_00113,P003,Card Payment System,DS003,"An Application installed or made selectable with a specific Implicit Selection parameter is registered in the GlobalPlatform Registry as the implicitly selectable Application on the logical channel(s) of the card I/O interface(s) indicated in the parameter if no other Application (other than the Issuer Security Domain) is already registered as implicitly selectable on that logical channel(s) of that card I/O interface(s),",NFR,Security,0.5
REQ_00114,P003,Card Payment System,DS003,"An Application installed or made selectable with the Card Reset privilege and no Implicit Selection parameter is registered in the GlobalPlatform Registry as the implicitly selectable Application on the Basic Logical Channel for all card I/O interfaces supported by the card if no other Application (other than the Issuer Security Domain) is already registered as implicitly selectable on the Basic Logical Channel of any card I/O interface,",NFR,Security,0.5
REQ_00115,P003,Card Payment System,DS003,"If an Application implicitly selectable on specific logical channel(s) of specific card I/O interface(s) is deleted, the Issuer Security Domain becomes the implicitly selectable Application on that logical channel(s) of that card I/O interface(s).",NFR,Security,0.5
REQ_00116,P003,Card Payment System,DS003,"The OPEN shall use the implicit selection registration of each Application for controlling the following runtime behavioral requirements: Identifying the Application which is implicitly selectable on the Basic Logical Channel of the current card I/O interface during the card reset or activation sequence, Identifying the Application which is implicitly selectable when opening on the current card I/O interface a new Supplementary Logical Channel from the Basic Logical Channel.",FR,Functional,0.8
REQ_00117,P003,Card Payment System,DS003,The Basic Logical Channel is the permanently available interface to a GlobalPlatform card and shall be supported by the OPEN.,FR,Functional,0.8
REQ_00118,P003,Card Payment System,DS003,"The OPEN shall support Application selection on the Basic Logical Channel via Implicit Selection following the card reset (see ISO/IEC 7816-3 for contact cards) or activation sequence (see ISO/IEC 14443-3 for contactless cards),",FR,Functional,0.8
REQ_00119,P003,Card Payment System,DS003,The OPEN shall support Application selection on the Basic Logical Channel via Explicit Selection through the SELECT [by name] command.,FR,Functional,0.8
REQ_00120,P003,Card Payment System,DS003,The OPEN may also support additional selection processes.,FR,Functional,0.5
REQ_00121,P003,Card Payment System,DS003,"Partial AID selection as defined in section 6.4.2.1.2 - Explicit Selection, shall be supported. (Partial AID selection does not require knowledge of the full AID by the off-card entity.)",FR,Functional,0.8
REQ_00122,P003,Card Payment System,DS003,"As multiple Applications on the card may have the same partial AID, it is required that a method exists to select all Applications matching the partial AID.",FR,Functional,0.5
REQ_00123,P003,Card Payment System,DS003,"Once the card session has been established (for contact cards according to ISO/IEC 7816-4 after Answer-to-Reset, or after the activation sequence for contactless cards according to ISO/IEC 14443-3), and before the first command is issued to the card, the Application defined as implicitly selectable on the Basic Logical Channel and for that card I/O interface shall become the selected Application on the Basic Logical Channel for that card I/O interface.",FR,Functional,0.8
REQ_00124,P003,Card Payment System,DS003,"If the card is in the Life Cycle State CARD_LOCKED or TERMINATED, the Application with the Final Application privilege is the selected Application on the Basic Logical Channel and the OPEN shall not attempt to identify the implicitly selectable Application",FR,Functional,0.8
REQ_00125,P003,Card Payment System,DS003,"In all other cases the OPEN shall search the GlobalPlatform Registry for an Application that is marked as implicitly selectable on the Basic Logical Channel for the current card I/O interface (e.g. contact or contactless), and if this Application is not in the Life Cycle State LOCKED, it shall become the selected Application on the Basic Logical Channel. If this is an Application in the Life Cycle State LOCKED, the Application with the Final Application privilege shall become the selected Application on the Basic Logical Channel.",FR,Functional,0.8
REQ_00126,P003,Card Payment System,DS003,At any time during a Card Session the OPEN may receive a request to select an Application on the Basic Logical Channel (SELECT [by name] [first or only occurrence] command). The OPEN shall determine if the requested AID matches or partially matches an entry within the GlobalPlatform Registry and whether this entry is selectable.,FR,Functional,0.8
REQ_00127,P003,Card Payment System,DS003,"At any time during a Card Session that has already contained a SELECT [by name] [first or only occurrence] command, the OPEN may receive a request to select a next Application (SELECT [by name] [next occurrence] command) on the Basic Logical Channel. The OPEN shall determine if the requested AID matches or partially matches another entry within the GlobalPlatform Registry and whether this entry is selectable.",FR,Functional,0.8
REQ_00128,P003,Card Payment System,DS003,"For both the SELECT [by name] [first or only occurrence] command and the SELECT [by name] [next occurrence] command, an Application becomes the selected Application on the Basic Logical Channel if: The requested AID matches (fully or partially) the Application’s AID, The Application being selected is in the correct Life Cycle State, The Application has no restrictions due to multi-selection, and supports the current card interface.",FR,Functional,0.5
REQ_00129,P003,Card Payment System,DS003,"In the card Life Cycle State CARD_LOCKED: - If the Application being selected has the Final Application privilege, this Application is re-selected and a warning is returned to the off-card entity, - If any other Application is being selected, the Application with the Final Application privilege remains selected and an error is returned to the off- card entity,",FR,Functional,0.5
REQ_00130,P003,Card Payment System,DS003,"If a SELECT [by name] [first or only occurrence] or SELECT [by name] [next occurrence] is received and the data field of the command message is not present, the Issuer Security Domain shall become the currently selected Application and the SELECT command is dispatched to the Issuer Security Domain,",FR,Functional,0.8
REQ_00131,P003,Card Payment System,DS003,"If a SELECT [by name] [first or only occurrence] is received, the search always begins from the start of the GlobalPlatform Registry,",FR,Functional,0.5
REQ_00132,P003,Card Payment System,DS003,"If a SELECT [by name] [next occurrence] is received, the search always begins from the entry following the currently selected Application on the Basic Logical Channel in the GlobalPlatform Registry,",FR,Functional,0.5
REQ_00133,P003,Card Payment System,DS003,"If a full or partial match is found and this Application is in the Life Cycle State INSTALLED, continue searching through the GlobalPlatform Registry for a subsequent full or partial match. If no subsequent full or partial match is found, the OPEN shall return the appropriate error to the off-card entity,",FR,Functional,0.8
REQ_00134,P003,Card Payment System,DS003,"If a full or partial match is found and this Application is in the Life Cycle State LOCKED, continue searching through the GlobalPlatform Registry for a subsequent full or partial match. In the eventuality that this locked Application is already currently selected on the Basic Logical Channel, the OPEN shall terminate this Application Session. If no subsequent full or partial match is found, the OPEN shall return the appropriate error to the off-card entity,",FR,Functional,0.8
REQ_00135,P003,Card Payment System,DS003,"If a full or partial match is found and this Application cannot be selected due to a multi-selection restriction or because the Application refuses selection (e.g. because it does not support the current card interface), continue searching through the GlobalPlatform Registry for a subsequent full or partial match. If no subsequent full or partial match is found, the OPEN shall return the appropriate error to the off-card entity,",FR,Functional,0.8
REQ_00136,P003,Card Payment System,DS003,"If a full or partial match is found and this Application is selectable (i.e. in the correct Life Cycle State and has no multi-selection restrictions), then it shall become the currently selected Application on the Basic Logical Channel and the SELECT [by name] command, whether [first or only occurrence] or [next occurrence], shall be processed according to the requirements of the runtime environment (e.g. dispatched to the Application),",FR,Functional,0.8
REQ_00137,P003,Card Payment System,DS003,"If no full or partial match is found at all, the currently selected Application on the Basic Logical Channel shall remain the selected Application and - If the SELECT [by name] command has the [first or only occurrence] parameter set, the SELECT command is dispatched to the Application, - If the SELECT [by name] command has the [next occurrence] parameter set, the OPEN shall return the appropriate error to the off-card entity,",FR,Functional,0.8
REQ_00138,P003,Card Payment System,DS003,"In the eventuality that the current Application Session has been terminated and no subsequent full or partial match is found, the OPEN shall make an attempt to select the Application that is marked as implicitly selectable on the Basic Logical Channel for the current card interface.",FR,Functional,0.8
REQ_00139,P003,Card Payment System,DS003,At any time during a Card Session the OPEN may receive a request on the Basic Logical Channel to either open or close a Supplementary Logical Channel.,FR,Functional,0.5
REQ_00140,P003,Card Payment System,DS003,"If the card only supports the Basic Logical Channel and has no concept of logical channel support, the MANAGE CHANNEL command is dispatched to the currently selected Application. In this case, when a Security Domain is the currently selected Application, the command shall be rejected.",FR,Functional,0.8
REQ_00141,P003,Card Payment System,DS003,"On cards that support logical channels, if a MANAGE CHANNEL [open] is received: If an Application is designated as implicitly selectable on the new Supplementary Logical Channel for the current card interface, that Application is implicitly selected on the newly opened Supplementary Logical Channel and runtime behavior requirements apply, Otherwise the Application designated as implicitly selectable on the Basic Logical Channel for this card interface is implicitly selected on the newly opened Supplementary Logical Channel and runtime behavior requirements apply.",FR,Functional,0.5
REQ_00142,P003,Card Payment System,DS003,"On cards that support logical channels, if a MANAGE CHANNEL [close] is received, terminate the Application Session currently selected on the Supplementary Logical Channel indicated by the command and then close that logical channel. The Basic Logical Channel can never be closed.",FR,Functional,0.5
REQ_00143,P003,Card Payment System,DS003,"If the card is in the Life Cycle State CARD_LOCKED or TERMINATED, return the appropriate error.",FR,Functional,0.5
REQ_00144,P003,Card Payment System,DS003,"If the number of logical channels supported by the OPEN is not sufficient to open a new Supplementary Logical Channel, return the appropriate error.",NFR,Performance,0.8
REQ_00145,P003,Card Payment System,DS003,"The OPEN shall search the GlobalPlatform Registry for the Application that supports the current card interface and that is marked as implicitly selectable on the new Supplementary Logical Channel (or failing that, on the Basic Logical Channel) and: - If this is an Application in the Life Cycle State LOCKED, the Application with the Final Application privilege shall become the selected Application on the Supplementary Logical Channel, - If this Application cannot be selected due to a multi-selection restriction, the new logical channel shall not be opened and the OPEN shall return the appropriate error, - Otherwise, the Supplementary Logical Channel is opened and this Application shall become the selected Application on the Supplementary Logical Channel.",FR,Functional,0.8
REQ_00146,P003,Card Payment System,DS003,"Once an Application becomes the selected Application on the Basic Logical Channel, the responsibility for subsequent command dispatching still rests with the OPEN.",FR,Functional,0.5
REQ_00147,P003,Card Payment System,DS003,"On cards that are aware of logical channels, the MANAGE CHANNEL commands are only processed by the OPEN and are not dispatched to an Application.",FR,Functional,0.5
REQ_00148,P003,Card Payment System,DS003,All other commands (including the MANAGE CHANNEL commands on cards that are not aware of logical channels or SELECT commands not described in section 6.4.2.1.2 - Explicit Selection) are immediately dispatched to the Application currently selected on the Basic Logical Channel. The processing of the command by the Application is beyond the scope of this Specification.,FR,Functional,0.5
REQ_00149,P003,Card Payment System,DS003,"The OPEN shall support Application selection on an available Supplementary Logical Channel via two processes: Implicit Selection following a successful MANAGE CHANNEL [open] command, Explicit Selection through the SELECT [by name] command.",FR,Functional,0.8
REQ_00150,P003,Card Payment System,DS003,The OPEN may also support additional selection processes.,FR,Functional,0.5
REQ_00151,P003,Card Payment System,DS003,"Partial AID selection as defined in section 6.4.3.1.2 - Explicit Selection, shall be supported on Supplementary Logical Channels.",FR,Functional,0.8
REQ_00152,P003,Card Payment System,DS003,"At any time on an open Supplementary Logical Channel, the OPEN may receive a request to select an Application on this Supplementary Logical Channel (SELECT [by name] [first or only occurrence] command). The OPEN shall determine if the requested AID matches or partially matches an entry within the GlobalPlatform Registry and whether this entry is selectable.",FR,Functional,0.8
REQ_00153,P003,Card Payment System,DS003,"At any time on an open Supplementary Logical Channel that has already contained a SELECT [by name] [first or only occurrence] command since the Supplementary Logical Channel was last opened, the OPEN may receive a request to select a next Application (SELECT [by name] [next occurrence] command) on this Supplementary Logical Channel. The OPEN shall determine if the requested AID matches or partially matches another entry within the GlobalPlatform Registry and whether this entry is selectable.",FR,Functional,0.8
REQ_00154,P003,Card Payment System,DS003,"For both the SELECT [by name] [first or only occurrence] command and the SELECT [by name] [next occurrence] command, an Application becomes the selected Application on the Supplementary Logical Channel if: The requested AID matches (fully or partially) the Application’s AID, The Application being selected is in the correct Life Cycle State, The Application has no restrictions due to multi-selection, and supports the current card interface.",FR,Functional,0.5
REQ_00155,P003,Card Payment System,DS003,"If the card is in the Life Cycle State CARD_LOCKED or TERMINATED: - Close the Supplementary Logical Channel, if currently open, - Return the appropriate error,",FR,Functional,0.5
REQ_00156,P003,Card Payment System,DS003,"If a SELECT [by name] [first or only occurrence] or SELECT [by name] [next occurrence] is received and the data field of the command message is not present, the Issuer Security Domain shall become the currently selected Application and the SELECT command is dispatched to the Issuer Security Domain,",FR,Functional,0.8
REQ_00157,P003,Card Payment System,DS003,"If a SELECT [by name] [first or only occurrence] is received, the search always begins from the start of the GlobalPlatform Registry,",FR,Functional,0.5
REQ_00158,P003,Card Payment System,DS003,"If a SELECT [by name] [next occurrence] is received, the search always begins from the entry following the currently selected Application on this Supplementary Logical Channel in the GlobalPlatform Registry,",FR,Functional,0.5
REQ_00159,P003,Card Payment System,DS003,"If a full or partial match is found and this Application is in the Life Cycle State INSTALLED, continue searching through the GlobalPlatform Registry for a subsequent full or partial match. If no subsequent full or partial match is found, the OPEN shall return the appropriate error to the off-card entity,",FR,Functional,0.8
REQ_00160,P003,Card Payment System,DS003,"If a full or partial match is found and this Application is in the Life Cycle State LOCKED, continue searching through the GlobalPlatform Registry for a subsequent full or partial match. In the eventuality that this locked Application is already currently selected on the same Supplementary Logical Channel, the OPEN shall terminate this Application Session. If no subsequent full or partial match is found, the OPEN shall return the appropriate error to the off-card entity,",FR,Functional,0.8
REQ_00161,P003,Card Payment System,DS003,"If a full or partial match is found and this Application cannot be selected due to a multi-selection restriction or because the Application refuses selection (e.g. because it does not support the current card interface), continue searching through the GlobalPlatform Registry for a subsequent full or partial match. If no subsequent full or partial match is found, the OPEN shall return the appropriate error to the off-card entity,",FR,Functional,0.8
REQ_00162,P003,Card Payment System,DS003,"If a full or partial match is found and this Application is selectable (i.e. in the correct Life Cycle State and has no multi-selection restrictions), then it shall become the currently selected Application on this Supplementary Logical Channel and the SELECT [by name] command, whether [first or only occurrence] or [next occurrence], shall be processed according to the requirements of the runtime environment (e.g. dispatched to the Application),",FR,Functional,0.8
REQ_00163,P003,Card Payment System,DS003,"If no full or partial match is found at all, the currently selected Application on the Supplementary Logical Channel shall remain the selected Application and - If the SELECT [by name] command has the [first or only occurrence] parameter set, the SELECT command is dispatched to the Application, - If the SELECT [by name] command has the [next occurrence] parameter set, the OPEN shall return the appropriate error to the off-card entity.",FR,Functional,0.8
REQ_00164,P003,Card Payment System,DS003,"At any time on an open Supplementary Logical Channel the OPEN may receive a request to either open or close a Supplementary Logical Channel. If a MANAGE CHANNEL [open] is received and the Application selected on the original Supplementary Logical Channel has no multi-selection restrictions, this Application becomes the selected Application on the newly opened Supplementary Logical Channel. If a MANAGE CHANNEL [close] is received, terminate the Application Session currently selected on the Supplementary Logical Channel indicated by the command and then close that logical channel. The Basic Logical Channel can never be closed.",FR,Functional,0.5
REQ_00165,P003,Card Payment System,DS003,"If the card is in the Life Cycle State CARD_LOCKED or TERMINATED, return the appropriate error,",FR,Functional,0.5
REQ_00166,P003,Card Payment System,DS003,"If the number of logical channels supported by the OPEN is not sufficient to open a new Supplementary Logical Channel, return the appropriate error,",NFR,Performance,0.8
REQ_00167,P003,Card Payment System,DS003,"If the Application currently selected on the original Supplementary Logical Channel cannot be selected on the new Supplementary Logical Channel due to a multi-selection restriction, the new logical channel shall not be opened and the OPEN shall return the appropriate error,",FR,Functional,0.8
REQ_00168,P003,Card Payment System,DS003,"Otherwise, the Supplementary Logical Channel indicated by the command is opened and the Application currently selected on the original Supplementary Logical Channel shall become the selected Application on the newly opened Supplementary Logical Channel.",FR,Functional,0.8
REQ_00169,P003,Card Payment System,DS003,"Once an Application becomes the selected Application on a Supplementary Logical Channel, the responsibility for subsequent command dispatching still rests with the OPEN.",FR,Functional,0.5
REQ_00170,P003,Card Payment System,DS003,The MANAGE CHANNEL commands are only processed by the OPEN and are not dispatched to an Application.,FR,Functional,0.5
REQ_00171,P003,Card Payment System,DS003,All other commands (including SELECT commands not described in section 6.4.3.1.2 - Explicit Selection) are immediately dispatched to the Application currently selected on the Supplementary Logical Channel. The processing of the command by the Application is beyond the scope of this Specification.,FR,Functional,0.5
REQ_00172,P003,Card Payment System,DS003,"The GlobalPlatform Registry is used to: Store card management information, Store relevant application management information (e.g., AID, associated Security Domain and Privileges), Support card resource management data, Store Application Life Cycle information, Store card Life Cycle information, Track any counters associated with logs.",NFR,Security,0.5
REQ_00173,P003,Card Payment System,DS003,"The contents of the GlobalPlatform Registry may be updated in response to: An internal OPEN invoked action, An authorized Application invoked action.",FR,Functional,0.5
REQ_00174,P003,Card Payment System,DS003,"All Applications including all Security Domains, and all Executable Load Files, shall have an entry in the GlobalPlatform Registry.",FR,Functional,0.8
REQ_00175,P003,Card Payment System,DS003,Each Executable Load File or Executable Module is associated with an AID that shall be unique on the card.,FR,Functional,0.8
REQ_00176,P003,Card Payment System,DS003,An Application AID may be the same as that of an Executable Module but may not be the same as that of an Executable Load File or the same as another Application already present in the GlobalPlatform Registry.,FR,Functional,0.5
REQ_00177,P003,Card Payment System,DS003,This AID may be specified in a SELECT command to select the Application. It is not possible to select Executable Load Files or Executable Modules.,FR,Functional,0.5
